drugname_norm,score,rxnorm_name_best,ingredient_name,accepted_by,has_rxnorm_name,stratum
SEMAGLUTIDE 3 MG,12.49600601196289,semaglutide 3 MG,"Rybelsus,Oral Tablet,Oral Product,Pill,semaglutide,semaglutide 3 MG Oral Tablet [Rybelsus],semaglutide 3 MG [Rybelsus],semaglutide Oral Tablet [Rybelsus],Rybelsus Oral Product,Rybelsus Pill,semaglutide 3 MG Oral Tablet,semaglutide 3 MG,semaglutide Oral Tablet,semaglutide Oral Product,semaglutide Pill",>=min,TRUE,9.5-10.0
TRULICITY SUBCUTANEOUS SOLUTION PEN-INJECTOR 0.75 MG/0.5 ML,20.034189224243164,0.5 ML dulaglutide 1.5 MG/ML Auto-Injector [Trulicity],"Trulicity,Auto-Injector,Injectable Product,dulaglutide,0.5 ML dulaglutide 1.5 MG/ML Auto-Injector [Trulicity],dulaglutide 1.5 MG/ML [Trulicity],dulaglutide Auto-Injector [Trulicity],Trulicity Injectable Product,0.5 ML dulaglutide 1.5 MG/ML Auto-Injector,dulaglutide 1.5 MG/ML,dulaglutide Auto-Injector,dulaglutide Injectable Product",>=min,TRUE,9.5-10.0
TRULICITY PEN 0.75/0.5 ML SUBCUT SOLUTION,18.016090393066406,0.5 ML dulaglutide 1.5 MG/ML Auto-Injector [Trulicity],"Trulicity,Auto-Injector,Injectable Product,dulaglutide,0.5 ML dulaglutide 1.5 MG/ML Auto-Injector [Trulicity],dulaglutide 1.5 MG/ML [Trulicity],dulaglutide Auto-Injector [Trulicity],Trulicity Injectable Product,0.5 ML dulaglutide 1.5 MG/ML Auto-Injector,dulaglutide 1.5 MG/ML,dulaglutide Auto-Injector,dulaglutide Injectable Product",>=min,TRUE,9.5-10.0
VICTOZA SOP,14.718400955200195,Victoza,"Victoza,Pen Injector,Injectable Product,liraglutide,3 ML liraglutide 6 MG/ML Pen Injector [Victoza],liraglutide 6 MG/ML [Victoza],liraglutide Pen Injector [Victoza],Victoza Injectable Product,3 ML liraglutide 6 MG/ML Pen Injector,liraglutide 6 MG/ML,liraglutide Pen Injector,liraglutide Injectable Product",>=min,TRUE,9.5-10.0
BYDUREON INJECTION,14.744609832763672,exenatide Injection [Bydureon],"Bydureon,Injection,Injectable Product,exenatide,exenatide 2 MG Injection [Bydureon],exenatide 2 MG [Bydureon],exenatide Injection [Bydureon],Bydureon Injectable Product,exenatide 2 MG Injection,exenatide 2 MG,exenatide Injection,exenatide Injectable Product",>=min,TRUE,9.5-10.0
SAXENDA SQ 18MG/3ML,15.554436208564463,3 ML liraglutide 6 MG/ML Pen Injector [Saxenda],"Saxenda,Pen Injector,Injectable Product,liraglutide,3 ML liraglutide 6 MG/ML Pen Injector [Saxenda],liraglutide 6 MG/ML [Saxenda],liraglutide Pen Injector [Saxenda],Saxenda Injectable Product,3 ML liraglutide 6 MG/ML Pen Injector,liraglutide 6 MG/ML,liraglutide Pen Injector,liraglutide Injectable Product",>=min,TRUE,9.5-10.0
TIRZEPATIDE (MOUNJARO) 2.5MG PEN,15.583406448364258,tirzepatide 5 MG/ML [Mounjaro],"Mounjaro,Auto-Injector,Injection,Injectable Product,tirzepatide,0.5 ML tirzepatide 5 MG/ML Auto-Injector [Mounjaro],0.5 ML tirzepatide 5 MG/ML Injection [Mounjaro],tirzepatide 5 MG/ML [Mounjaro],tirzepatide Auto-Injector [Mounjaro],tirzepatide Injection [Mounjaro],Mounjaro Injectable Product,0.5 ML tirzepatide 5 MG/ML Auto-Injector,0.5 ML tirzepatide 5 MG/ML Injection,tirzepatide 5 MG/ML,tirzepatide Auto-Injector,tirzepatide Injection,tirzepatide Injectable Product",>=min,TRUE,9.5-10.0
TRULICITY .75 MG,12.034219741821289,Trulicity,"Trulicity,Auto-Injector,Injectable Product,dulaglutide,0.5 ML dulaglutide 1.5 MG/ML Auto-Injector [Trulicity],0.5 ML dulaglutide 3 MG/ML Auto-Injector [Trulicity],0.5 ML dulaglutide 6 MG/ML Auto-Injector [Trulicity],0.5 ML dulaglutide 9 MG/ML Auto-Injector [Trulicity],dulaglutide 1.5 MG/ML [Trulicity],dulaglutide 3 MG/ML [Trulicity],dulaglutide 6 MG/ML [Trulicity],dulaglutide 9 MG/ML [Trulicity],dulaglutide Auto-Injector [Trulicity],Trulicity Injectable Product,0.5 ML dulaglutide 1.5 MG/ML Auto-Injector,0.5 ML dulaglutide 3 MG/ML Auto-Injector,0.5 ML dulaglutide 6 MG/ML Auto-Injector,0.5 ML dulaglutide 9 MG/ML Auto-Injector,dulaglutide 1.5 MG/ML,dulaglutide 3 MG/ML,dulaglutide 6 MG/ML,dulaglutide 9 MG/ML,dulaglutide Auto-Injector,dulaglutide Injectable Product",>=min,TRUE,9.5-10.0
"VICTOZA 0.6/0.1ML, INJECT 1.8MG SUBQ DAILY",14.147874140739441,3 ML liraglutide 6 MG/ML Pen Injector [Victoza],"Victoza,Pen Injector,Injectable Product,liraglutide,3 ML liraglutide 6 MG/ML Pen Injector [Victoza],liraglutide 6 MG/ML [Victoza],liraglutide Pen Injector [Victoza],Victoza Injectable Product,3 ML liraglutide 6 MG/ML Pen Injector,liraglutide 6 MG/ML,liraglutide Pen Injector,liraglutide Injectable Product",>=min,TRUE,9.5-10.0
"TRULICITY, VITAMIN D",14.034219741821289,Trulicity,"Trulicity,Auto-Injector,Injectable Product,dulaglutide,0.5 ML dulaglutide 1.5 MG/ML Auto-Injector [Trulicity],0.5 ML dulaglutide 3 MG/ML Auto-Injector [Trulicity],0.5 ML dulaglutide 6 MG/ML Auto-Injector [Trulicity],0.5 ML dulaglutide 9 MG/ML Auto-Injector [Trulicity],dulaglutide 1.5 MG/ML [Trulicity],dulaglutide 3 MG/ML [Trulicity],dulaglutide 6 MG/ML [Trulicity],dulaglutide 9 MG/ML [Trulicity],dulaglutide Auto-Injector [Trulicity],Trulicity Injectable Product,0.5 ML dulaglutide 1.5 MG/ML Auto-Injector,0.5 ML dulaglutide 3 MG/ML Auto-Injector,0.5 ML dulaglutide 6 MG/ML Auto-Injector,0.5 ML dulaglutide 9 MG/ML Auto-Injector,dulaglutide 1.5 MG/ML,dulaglutide 3 MG/ML,dulaglutide 6 MG/ML,dulaglutide 9 MG/ML,dulaglutide Auto-Injector,dulaglutide Injectable Product",>=min,TRUE,9.5-10.0
TRULICITY 1.5MG SUBQ QWEEK,12.36504077911377,dulaglutide 1.5 MG/ML [Trulicity],"Trulicity,Auto-Injector,Injectable Product,dulaglutide,0.5 ML dulaglutide 1.5 MG/ML Auto-Injector [Trulicity],dulaglutide 1.5 MG/ML [Trulicity],dulaglutide Auto-Injector [Trulicity],Trulicity Injectable Product,0.5 ML dulaglutide 1.5 MG/ML Auto-Injector,dulaglutide 1.5 MG/ML,dulaglutide Auto-Injector,dulaglutide Injectable Product",>=min,TRUE,9.5-10.0
MOUNJARO(TIRZEPATIDE),17.322128295898438,tirzepatide Injection [Mounjaro],"Mounjaro,Injection,Injectable Product,tirzepatide,0.5 ML tirzepatide 15 MG/ML Injection [Mounjaro],0.5 ML tirzepatide 10 MG/ML Injection [Mounjaro],0.5 ML tirzepatide 5 MG/ML Injection [Mounjaro],0.5 ML tirzepatide 30 MG/ML Injection [Mounjaro],0.5 ML tirzepatide 25 MG/ML Injection [Mounjaro],0.5 ML tirzepatide 20 MG/ML Injection [Mounjaro],tirzepatide 10 MG/ML [Mounjaro],tirzepatide 30 MG/ML [Mounjaro],tirzepatide 5 MG/ML [Mounjaro],tirzepatide 20 MG/ML [Mounjaro],tirzepatide 25 MG/ML [Mounjaro],tirzepatide 15 MG/ML [Mounjaro],tirzepatide Injection [Mounjaro],Mounjaro Injectable Product,0.5 ML tirzepatide 15 MG/ML Injection,0.5 ML tirzepatide 10 MG/ML Injection,0.5 ML tirzepatide 5 MG/ML Injection,0.5 ML tirzepatide 30 MG/ML Injection,0.5 ML tirzepatide 25 MG/ML Injection,0.5 ML tirzepatide 20 MG/ML Injection,tirzepatide 10 MG/ML,tirzepatide 30 MG/ML,tirzepatide 5 MG/ML,tirzepatide 20 MG/ML,tirzepatide 25 MG/ML,tirzepatide 15 MG/ML,tirzepatide Injection,tirzepatide Injectable Product",>=min,TRUE,9.5-10.0
SOLIQUA VILBRYD,15.077795028686523,Soliqua,"Soliqua,Pen Injector,Injectable Product,lixisenatide,insulin glargine,insulin glargine / lixisenatide,3 ML insulin glargine 100 UNT/ML / lixisenatide 0.033 MG/ML Pen Injector [Soliqua],insulin glargine 100 UNT/ML / lixisenatide 0.033 MG/ML [Soliqua],insulin glargine / lixisenatide Pen Injector [Soliqua],Soliqua Injectable Product,3 ML insulin glargine 100 UNT/ML / lixisenatide 0.033 MG/ML Pen Injector,lixisenatide 0.033 MG/ML,insulin glargine 100 UNT/ML,insulin glargine / lixisenatide Pen Injector,insulin glargine / lixisenatide Injectable Product",>=min,TRUE,9.5-10.0
OZEMPIC 1/0.75 (3) PEN INJCTR,14.6275053,3 ML semaglutide 1.34 MG/ML Pen Injector [Ozempic],"Ozempic,Pen Injector,Injectable Product,semaglutide,3 ML semaglutide 1.34 MG/ML Pen Injector [Ozempic],semaglutide 1.34 MG/ML [Ozempic],semaglutide Pen Injector [Ozempic],Ozempic Injectable Product,3 ML semaglutide 1.34 MG/ML Pen Injector,semaglutide 1.34 MG/ML,semaglutide Pen Injector,semaglutide Injectable Product",>=min,TRUE,9.5-10.0
TRULICITY PEN 0.75 MG/0.5 ML,17.13389245223999,0.5 ML dulaglutide 1.5 MG/ML Auto-Injector [Trulicity],"Trulicity,Auto-Injector,Injectable Product,dulaglutide,0.5 ML dulaglutide 1.5 MG/ML Auto-Injector [Trulicity],dulaglutide 1.5 MG/ML [Trulicity],dulaglutide Auto-Injector [Trulicity],Trulicity Injectable Product,0.5 ML dulaglutide 1.5 MG/ML Auto-Injector,dulaglutide 1.5 MG/ML,dulaglutide Auto-Injector,dulaglutide Injectable Product",>=min,TRUE,9.5-10.0
"VICTOZA, JANUVIA, METFORMIN, EFFEXOR, ADVAIR, SIMBICORT",14.718400955200195,Victoza,"Victoza,Pen Injector,Injectable Product,liraglutide,3 ML liraglutide 6 MG/ML Pen Injector [Victoza],liraglutide 6 MG/ML [Victoza],liraglutide Pen Injector [Victoza],Victoza Injectable Product,3 ML liraglutide 6 MG/ML Pen Injector,liraglutide 6 MG/ML,liraglutide Pen Injector,liraglutide Injectable Product",>=min,TRUE,9.5-10.0
MOUNJARO PEN INJECTOR,15.411610446453095,tirzepatide Auto-Injector [Mounjaro],"Mounjaro,Auto-Injector,Injectable Product,tirzepatide,0.5 ML tirzepatide 10 MG/ML Auto-Injector [Mounjaro],0.5 ML tirzepatide 30 MG/ML Auto-Injector [Mounjaro],0.5 ML tirzepatide 5 MG/ML Auto-Injector [Mounjaro],0.5 ML tirzepatide 20 MG/ML Auto-Injector [Mounjaro],0.5 ML tirzepatide 25 MG/ML Auto-Injector [Mounjaro],0.5 ML tirzepatide 15 MG/ML Auto-Injector [Mounjaro],tirzepatide 10 MG/ML [Mounjaro],tirzepatide 30 MG/ML [Mounjaro],tirzepatide 5 MG/ML [Mounjaro],tirzepatide 20 MG/ML [Mounjaro],tirzepatide 25 MG/ML [Mounjaro],tirzepatide 15 MG/ML [Mounjaro],tirzepatide Auto-Injector [Mounjaro],Mounjaro Injectable Product,0.5 ML tirzepatide 10 MG/ML Auto-Injector,0.5 ML tirzepatide 30 MG/ML Auto-Injector,0.5 ML tirzepatide 5 MG/ML Auto-Injector,0.5 ML tirzepatide 20 MG/ML Auto-Injector,0.5 ML tirzepatide 25 MG/ML Auto-Injector,0.5 ML tirzepatide 15 MG/ML Auto-Injector,tirzepatide 10 MG/ML,tirzepatide 30 MG/ML,tirzepatide 5 MG/ML,tirzepatide 20 MG/ML,tirzepatide 25 MG/ML,tirzepatide 15 MG/ML,tirzepatide Auto-Injector,tirzepatide Injectable Product",>=min,TRUE,9.5-10.0
BYETTA INSULIN,14.438364028930664,Byetta,"Byetta,Pen Injector,Injectable Product,exenatide,60 ACTUAT exenatide 0.01 MG/ACTUAT Pen Injector [Byetta],60 ACTUAT exenatide 0.005 MG/ACTUAT Pen Injector [Byetta],exenatide 0.01 MG/ACTUAT [Byetta],exenatide 0.005 MG/ACTUAT [Byetta],exenatide Pen Injector [Byetta],Byetta Injectable Product,60 ACTUAT exenatide 0.01 MG/ACTUAT Pen Injector,60 ACTUAT exenatide 0.005 MG/ACTUAT Pen Injector,exenatide 0.01 MG/ACTUAT,exenatide 0.005 MG/ACTUAT,exenatide Pen Injector,exenatide Injectable Product",>=min,TRUE,9.5-10.0
DULAGLUTIDE (TRULICITY) 3MG SUBQ SOLUTION,17.407318115234375,dulaglutide 3 MG/ML [Trulicity],"Trulicity,Auto-Injector,Injectable Product,dulaglutide,0.5 ML dulaglutide 3 MG/ML Auto-Injector [Trulicity],dulaglutide 3 MG/ML [Trulicity],dulaglutide Auto-Injector [Trulicity],Trulicity Injectable Product,0.5 ML dulaglutide 3 MG/ML Auto-Injector,dulaglutide 3 MG/ML,dulaglutide Auto-Injector,dulaglutide Injectable Product",>=min,TRUE,9.5-10.0
EXENATID,13.48706055,exenatide,exenatide,>=min,TRUE,9.5-10.0
OZEMPIC PROMETHAZINE,14.046144485473633,Ozempic,"Ozempic,Pen Injector,Injectable Product,semaglutide,0.25 MG, 0.5 MG Dose 1.5 ML semaglutide 1.34 MG/ML Pen Injector [Ozempic],1 MG Dose 1.5 ML semaglutide 1.34 MG/ML Pen Injector [Ozempic],3 ML semaglutide 1.34 MG/ML Pen Injector [Ozempic],3 ML semaglutide 2.68 MG/ML Pen Injector [Ozempic],0.25 MG, 0.5 MG Dose 3 ML semaglutide 0.68 MG/ML Pen Injector [Ozempic],semaglutide 1.34 MG/ML [Ozempic],semaglutide 2.68 MG/ML [Ozempic],semaglutide 0.68 MG/ML [Ozempic],semaglutide Pen Injector [Ozempic],Ozempic Injectable Product,0.25 MG, 0.5 MG Dose 1.5 ML semaglutide 1.34 MG/ML Pen Injector,1 MG Dose 1.5 ML semaglutide 1.34 MG/ML Pen Injector,3 ML semaglutide 1.34 MG/ML Pen Injector,3 ML semaglutide 2.68 MG/ML Pen Injector,0.25 MG, 0.5 MG Dose 3 ML semaglutide 0.68 MG/ML Pen Injector,semaglutide 1.34 MG/ML,semaglutide 2.68 MG/ML,semaglutide 0.68 MG/ML,semaglutide Pen Injector,semaglutide Injectable Product",>=min,TRUE,9.5-10.0
OZEMPIC ONCE A WEEK,14.046144485473633,Ozempic,"Ozempic,Pen Injector,Injectable Product,semaglutide,0.25 MG, 0.5 MG Dose 1.5 ML semaglutide 1.34 MG/ML Pen Injector [Ozempic],1 MG Dose 1.5 ML semaglutide 1.34 MG/ML Pen Injector [Ozempic],3 ML semaglutide 1.34 MG/ML Pen Injector [Ozempic],3 ML semaglutide 2.68 MG/ML Pen Injector [Ozempic],0.25 MG, 0.5 MG Dose 3 ML semaglutide 0.68 MG/ML Pen Injector [Ozempic],semaglutide 1.34 MG/ML [Ozempic],semaglutide 2.68 MG/ML [Ozempic],semaglutide 0.68 MG/ML [Ozempic],semaglutide Pen Injector [Ozempic],Ozempic Injectable Product,0.25 MG, 0.5 MG Dose 1.5 ML semaglutide 1.34 MG/ML Pen Injector,1 MG Dose 1.5 ML semaglutide 1.34 MG/ML Pen Injector,3 ML semaglutide 1.34 MG/ML Pen Injector,3 ML semaglutide 2.68 MG/ML Pen Injector,0.25 MG, 0.5 MG Dose 3 ML semaglutide 0.68 MG/ML Pen Injector,semaglutide 1.34 MG/ML,semaglutide 2.68 MG/ML,semaglutide 0.68 MG/ML,semaglutide Pen Injector,semaglutide Injectable Product",>=min,TRUE,9.5-10.0
"DULAGLUTIDE (DULAGLUTIDE 0.75MG/0.5ML INJ,SOLN,PEN)",22.810245513916016,0.5 ML dulaglutide 1.5 MG/ML Auto-Injector,"Trulicity,Auto-Injector,Injectable Product,dulaglutide,0.5 ML dulaglutide 1.5 MG/ML Auto-Injector [Trulicity],dulaglutide 1.5 MG/ML [Trulicity],dulaglutide Auto-Injector [Trulicity],Trulicity Injectable Product,0.5 ML dulaglutide 1.5 MG/ML Auto-Injector,dulaglutide 1.5 MG/ML,dulaglutide Auto-Injector,dulaglutide Injectable Product",>=min,TRUE,9.5-10.0
VICTOZA INJ,15.075269949913025,Victoza Injectable Product,"Victoza,Pen Injector,Injectable Product,liraglutide,3 ML liraglutide 6 MG/ML Pen Injector [Victoza],liraglutide 6 MG/ML [Victoza],liraglutide Pen Injector [Victoza],Victoza Injectable Product,3 ML liraglutide 6 MG/ML Pen Injector,liraglutide 6 MG/ML,liraglutide Pen Injector,liraglutide Injectable Product",>=min,TRUE,9.5-10.0
SUMAGLUTIDE,9.838314056396484,semaglutide,semaglutide,>=min,TRUE,9.5-10.0
SEMAGLUTIDE 0.25 MG OR 0.5 MG(2 MG/1.5 ML) PNIJ,17.95281219482422,"0.25 MG, 0.5 MG Dose 1.5 ML semaglutide 1.34 MG/ML Pen Injector","Ozempic,Pen Injector,Injectable Product,semaglutide,0.25 MG, 0.5 MG Dose 1.5 ML semaglutide 1.34 MG/ML Pen Injector [Ozempic],semaglutide 1.34 MG/ML [Ozempic],semaglutide Pen Injector [Ozempic],Ozempic Injectable Product,0.25 MG, 0.5 MG Dose 1.5 ML semaglutide 1.34 MG/ML Pen Injector,semaglutide 1.34 MG/ML,semaglutide Pen Injector,semaglutide Injectable Product",>=min,TRUE,9.5-10.0
OZEMPIC 1 UNIT,12.046144485473633,Ozempic,"Ozempic,Pen Injector,Injectable Product,semaglutide,0.25 MG, 0.5 MG Dose 1.5 ML semaglutide 1.34 MG/ML Pen Injector [Ozempic],1 MG Dose 1.5 ML semaglutide 1.34 MG/ML Pen Injector [Ozempic],3 ML semaglutide 1.34 MG/ML Pen Injector [Ozempic],3 ML semaglutide 2.68 MG/ML Pen Injector [Ozempic],0.25 MG, 0.5 MG Dose 3 ML semaglutide 0.68 MG/ML Pen Injector [Ozempic],semaglutide 1.34 MG/ML [Ozempic],semaglutide 2.68 MG/ML [Ozempic],semaglutide 0.68 MG/ML [Ozempic],semaglutide Pen Injector [Ozempic],Ozempic Injectable Product,0.25 MG, 0.5 MG Dose 1.5 ML semaglutide 1.34 MG/ML Pen Injector,1 MG Dose 1.5 ML semaglutide 1.34 MG/ML Pen Injector,3 ML semaglutide 1.34 MG/ML Pen Injector,3 ML semaglutide 2.68 MG/ML Pen Injector,0.25 MG, 0.5 MG Dose 3 ML semaglutide 0.68 MG/ML Pen Injector,semaglutide 1.34 MG/ML,semaglutide 2.68 MG/ML,semaglutide 0.68 MG/ML,semaglutide Pen Injector,semaglutide Injectable Product",>=min,TRUE,9.5-10.0
MOUNJARO 5 MG/0.5 ML,13.835668563842773,0.5 ML tirzepatide 5 MG/ML Injection [Mounjaro],"Mounjaro,Injection,Injectable Product,tirzepatide,0.5 ML tirzepatide 5 MG/ML Injection [Mounjaro],tirzepatide 5 MG/ML [Mounjaro],tirzepatide Injection [Mounjaro],Mounjaro Injectable Product,0.5 ML tirzepatide 5 MG/ML Injection,tirzepatide 5 MG/ML,tirzepatide Injection,tirzepatide Injectable Product",>=min,TRUE,9.5-10.0
TRULICITY 0.75,12.034219741821289,Trulicity,"Trulicity,Auto-Injector,Injectable Product,dulaglutide,0.5 ML dulaglutide 1.5 MG/ML Auto-Injector [Trulicity],0.5 ML dulaglutide 3 MG/ML Auto-Injector [Trulicity],0.5 ML dulaglutide 6 MG/ML Auto-Injector [Trulicity],0.5 ML dulaglutide 9 MG/ML Auto-Injector [Trulicity],dulaglutide 1.5 MG/ML [Trulicity],dulaglutide 3 MG/ML [Trulicity],dulaglutide 6 MG/ML [Trulicity],dulaglutide 9 MG/ML [Trulicity],dulaglutide Auto-Injector [Trulicity],Trulicity Injectable Product,0.5 ML dulaglutide 1.5 MG/ML Auto-Injector,0.5 ML dulaglutide 3 MG/ML Auto-Injector,0.5 ML dulaglutide 6 MG/ML Auto-Injector,0.5 ML dulaglutide 9 MG/ML Auto-Injector,dulaglutide 1.5 MG/ML,dulaglutide 3 MG/ML,dulaglutide 6 MG/ML,dulaglutide 9 MG/ML,dulaglutide Auto-Injector,dulaglutide Injectable Product",>=min,TRUE,9.5-10.0
MOUNJARO 5 MG/0.5 ML PEN INJECTOR,16.047672271728516,0.5 ML tirzepatide 5 MG/ML Auto-Injector [Mounjaro],"Mounjaro,Auto-Injector,Injectable Product,tirzepatide,0.5 ML tirzepatide 5 MG/ML Auto-Injector [Mounjaro],tirzepatide 5 MG/ML [Mounjaro],tirzepatide Auto-Injector [Mounjaro],Mounjaro Injectable Product,0.5 ML tirzepatide 5 MG/ML Auto-Injector,tirzepatide 5 MG/ML,tirzepatide Auto-Injector,tirzepatide Injectable Product",>=min,TRUE,9.5-10.0
HUMALOG/VICTOZA,14.718400955200195,Victoza,"Victoza,Pen Injector,Injectable Product,liraglutide,3 ML liraglutide 6 MG/ML Pen Injector [Victoza],liraglutide 6 MG/ML [Victoza],liraglutide Pen Injector [Victoza],Victoza Injectable Product,3 ML liraglutide 6 MG/ML Pen Injector,liraglutide 6 MG/ML,liraglutide Pen Injector,liraglutide Injectable Product",>=min,TRUE,9.5-10.0
MOUNJARO AUTOINJECTOR 2.5M,11.476278305053711,Mounjaro,"Mounjaro,Auto-Injector,Injection,Injectable Product,tirzepatide,0.5 ML tirzepatide 10 MG/ML Auto-Injector [Mounjaro],0.5 ML tirzepatide 30 MG/ML Auto-Injector [Mounjaro],0.5 ML tirzepatide 5 MG/ML Auto-Injector [Mounjaro],0.5 ML tirzepatide 20 MG/ML Auto-Injector [Mounjaro],0.5 ML tirzepatide 25 MG/ML Auto-Injector [Mounjaro],0.5 ML tirzepatide 15 MG/ML Auto-Injector [Mounjaro],0.5 ML tirzepatide 15 MG/ML Injection [Mounjaro],0.5 ML tirzepatide 10 MG/ML Injection [Mounjaro],0.5 ML tirzepatide 5 MG/ML Injection [Mounjaro],0.5 ML tirzepatide 30 MG/ML Injection [Mounjaro],0.5 ML tirzepatide 25 MG/ML Injection [Mounjaro],0.5 ML tirzepatide 20 MG/ML Injection [Mounjaro],tirzepatide 10 MG/ML [Mounjaro],tirzepatide 30 MG/ML [Mounjaro],tirzepatide 5 MG/ML [Mounjaro],tirzepatide 20 MG/ML [Mounjaro],tirzepatide 25 MG/ML [Mounjaro],tirzepatide 15 MG/ML [Mounjaro],tirzepatide Auto-Injector [Mounjaro],tirzepatide Injection [Mounjaro],Mounjaro Injectable Product,0.5 ML tirzepatide 10 MG/ML Auto-Injector,0.5 ML tirzepatide 30 MG/ML Auto-Injector,0.5 ML tirzepatide 5 MG/ML Auto-Injector,0.5 ML tirzepatide 20 MG/ML Auto-Injector,0.5 ML tirzepatide 25 MG/ML Auto-Injector,0.5 ML tirzepatide 15 MG/ML Auto-Injector,0.5 ML tirzepatide 15 MG/ML Injection,0.5 ML tirzepatide 10 MG/ML Injection,0.5 ML tirzepatide 5 MG/ML Injection,0.5 ML tirzepatide 30 MG/ML Injection,0.5 ML tirzepatide 25 MG/ML Injection,0.5 ML tirzepatide 20 MG/ML Injection,tirzepatide 10 MG/ML,tirzepatide 30 MG/ML,tirzepatide 5 MG/ML,tirzepatide 20 MG/ML,tirzepatide 25 MG/ML,tirzepatide 15 MG/ML,tirzepatide Auto-Injector,tirzepatide Injection,tirzepatide Injectable Product",>=min,TRUE,9.5-10.0
OZEMPIC [SEMAGLUTIDE ((LEVURE/SACCHAROMYCES CEREVISIAE))],18.15341567993164,Saccharomyces cerevisiae,Saccharomyces cerevisiae,>=min,TRUE,9.5-10.0
RYBELSUS 14 MG TABLET,15.204492568969727,semaglutide 14 MG Oral Tablet [Rybelsus],"Rybelsus,Oral Tablet,Oral Product,Pill,semaglutide,semaglutide 14 MG Oral Tablet [Rybelsus],semaglutide 14 MG [Rybelsus],semaglutide Oral Tablet [Rybelsus],Rybelsus Oral Product,Rybelsus Pill,semaglutide 14 MG Oral Tablet,semaglutide 14 MG,semaglutide Oral Tablet,semaglutide Oral Product,semaglutide Pill",>=min,TRUE,9.5-10.0
DULAGLUTIDE 0.75MG SUBQ EVERY SUNDAY,12.420507431030273,0.5 ML dulaglutide 1.5 MG/ML Auto-Injector,"Trulicity,Auto-Injector,Injectable Product,dulaglutide,0.5 ML dulaglutide 1.5 MG/ML Auto-Injector [Trulicity],dulaglutide 1.5 MG/ML [Trulicity],dulaglutide Auto-Injector [Trulicity],Trulicity Injectable Product,0.5 ML dulaglutide 1.5 MG/ML Auto-Injector,dulaglutide 1.5 MG/ML,dulaglutide Auto-Injector,dulaglutide Injectable Product",>=min,TRUE,9.5-10.0
VICTOZA 3-PAK,12.718400955200195,Victoza,"Victoza,Pen Injector,Injectable Product,liraglutide,3 ML liraglutide 6 MG/ML Pen Injector [Victoza],liraglutide 6 MG/ML [Victoza],liraglutide Pen Injector [Victoza],Victoza Injectable Product,3 ML liraglutide 6 MG/ML Pen Injector,liraglutide 6 MG/ML,liraglutide Pen Injector,liraglutide Injectable Product",>=min,TRUE,9.5-10.0
TRULICITY 3.0 MG SOLUTION FOR INJECTION IN PREFILLED SYRINGE,15.325725555419922,0.5 ML dulaglutide 6 MG/ML Auto-Injector [Trulicity],"Trulicity,Auto-Injector,Injectable Product,dulaglutide,0.5 ML dulaglutide 6 MG/ML Auto-Injector [Trulicity],dulaglutide 6 MG/ML [Trulicity],dulaglutide Auto-Injector [Trulicity],Trulicity Injectable Product,0.5 ML dulaglutide 6 MG/ML Auto-Injector,dulaglutide 6 MG/ML,dulaglutide Auto-Injector,dulaglutide Injectable Product",>=min,TRUE,9.5-10.0
EXENATIDE (BYDUREON),18.795398712158203,exenatide Injection [Bydureon],"Bydureon,Injection,Injectable Product,exenatide,exenatide 2 MG Injection [Bydureon],exenatide 2 MG [Bydureon],exenatide Injection [Bydureon],Bydureon Injectable Product,exenatide 2 MG Injection,exenatide 2 MG,exenatide Injection,exenatide Injectable Product",>=min,TRUE,9.5-10.0
"SEMAGLUTIDE (SEMAGLUTIDE 0.5MG/0.375ML INJ, SOLN, PEN, 1.5,ML)",23.89716339111328,"0.25 MG, 0.5 MG Dose 1.5 ML semaglutide 1.34 MG/ML Pen Injector","Ozempic,Pen Injector,Injectable Product,semaglutide,0.25 MG, 0.5 MG Dose 1.5 ML semaglutide 1.34 MG/ML Pen Injector [Ozempic],semaglutide 1.34 MG/ML [Ozempic],semaglutide Pen Injector [Ozempic],Ozempic Injectable Product,0.25 MG, 0.5 MG Dose 1.5 ML semaglutide 1.34 MG/ML Pen Injector,semaglutide 1.34 MG/ML,semaglutide Pen Injector,semaglutide Injectable Product",>=min,TRUE,9.5-10.0
INJECTION OF VICTOZA,15.08281135559082,Victoza Injectable Product,"Victoza,Pen Injector,Injectable Product,liraglutide,3 ML liraglutide 6 MG/ML Pen Injector [Victoza],liraglutide 6 MG/ML [Victoza],liraglutide Pen Injector [Victoza],Victoza Injectable Product,3 ML liraglutide 6 MG/ML Pen Injector,liraglutide 6 MG/ML,liraglutide Pen Injector,liraglutide Injectable Product",>=min,TRUE,9.5-10.0
OZEMPIC 0.5MG QW,12.046144485473633,Ozempic,"Ozempic,Pen Injector,Injectable Product,semaglutide,0.25 MG, 0.5 MG Dose 1.5 ML semaglutide 1.34 MG/ML Pen Injector [Ozempic],1 MG Dose 1.5 ML semaglutide 1.34 MG/ML Pen Injector [Ozempic],3 ML semaglutide 1.34 MG/ML Pen Injector [Ozempic],3 ML semaglutide 2.68 MG/ML Pen Injector [Ozempic],0.25 MG, 0.5 MG Dose 3 ML semaglutide 0.68 MG/ML Pen Injector [Ozempic],semaglutide 1.34 MG/ML [Ozempic],semaglutide 2.68 MG/ML [Ozempic],semaglutide 0.68 MG/ML [Ozempic],semaglutide Pen Injector [Ozempic],Ozempic Injectable Product,0.25 MG, 0.5 MG Dose 1.5 ML semaglutide 1.34 MG/ML Pen Injector,1 MG Dose 1.5 ML semaglutide 1.34 MG/ML Pen Injector,3 ML semaglutide 1.34 MG/ML Pen Injector,3 ML semaglutide 2.68 MG/ML Pen Injector,0.25 MG, 0.5 MG Dose 3 ML semaglutide 0.68 MG/ML Pen Injector,semaglutide 1.34 MG/ML,semaglutide 2.68 MG/ML,semaglutide 0.68 MG/ML,semaglutide Pen Injector,semaglutide Injectable Product",>=min,TRUE,9.5-10.0
"TRULICITY 1,5MG",12.034219741821289,Trulicity,"Trulicity,Auto-Injector,Injectable Product,dulaglutide,0.5 ML dulaglutide 1.5 MG/ML Auto-Injector [Trulicity],0.5 ML dulaglutide 3 MG/ML Auto-Injector [Trulicity],0.5 ML dulaglutide 6 MG/ML Auto-Injector [Trulicity],0.5 ML dulaglutide 9 MG/ML Auto-Injector [Trulicity],dulaglutide 1.5 MG/ML [Trulicity],dulaglutide 3 MG/ML [Trulicity],dulaglutide 6 MG/ML [Trulicity],dulaglutide 9 MG/ML [Trulicity],dulaglutide Auto-Injector [Trulicity],Trulicity Injectable Product,0.5 ML dulaglutide 1.5 MG/ML Auto-Injector,0.5 ML dulaglutide 3 MG/ML Auto-Injector,0.5 ML dulaglutide 6 MG/ML Auto-Injector,0.5 ML dulaglutide 9 MG/ML Auto-Injector,dulaglutide 1.5 MG/ML,dulaglutide 3 MG/ML,dulaglutide 6 MG/ML,dulaglutide 9 MG/ML,dulaglutide Auto-Injector,dulaglutide Injectable Product",>=min,TRUE,9.5-10.0
RYBELSUS 7 MG PO DAILY,13.424641609191895,semaglutide 7 MG [Rybelsus],"Rybelsus,Oral Tablet,Oral Product,Pill,semaglutide,semaglutide 7 MG Oral Tablet [Rybelsus],semaglutide 7 MG [Rybelsus],semaglutide Oral Tablet [Rybelsus],Rybelsus Oral Product,Rybelsus Pill,semaglutide 7 MG Oral Tablet,semaglutide 7 MG,semaglutide Oral Tablet,semaglutide Oral Product,semaglutide Pill",>=min,TRUE,9.5-10.0
VICTOZA INJVLST,14.718400955200195,Victoza,"Victoza,Pen Injector,Injectable Product,liraglutide,3 ML liraglutide 6 MG/ML Pen Injector [Victoza],liraglutide 6 MG/ML [Victoza],liraglutide Pen Injector [Victoza],Victoza Injectable Product,3 ML liraglutide 6 MG/ML Pen Injector,liraglutide 6 MG/ML,liraglutide Pen Injector,liraglutide Injectable Product",>=min,TRUE,9.5-10.0
"EXENATIDE PEN, DISPOSABLE DEVICE",16.015384674072266,exenatide Pen Injector,"Byetta,Pen Injector,Injectable Product,exenatide,60 ACTUAT exenatide 0.01 MG/ACTUAT Pen Injector [Byetta],60 ACTUAT exenatide 0.005 MG/ACTUAT Pen Injector [Byetta],exenatide 0.01 MG/ACTUAT [Byetta],exenatide 0.005 MG/ACTUAT [Byetta],exenatide Pen Injector [Byetta],Byetta Injectable Product,Bydureon Injectable Product,60 ACTUAT exenatide 0.01 MG/ACTUAT Pen Injector,60 ACTUAT exenatide 0.005 MG/ACTUAT Pen Injector,exenatide 0.01 MG/ACTUAT,exenatide 0.005 MG/ACTUAT,exenatide Pen Injector,exenatide Injectable Product",>=min,TRUE,9.5-10.0
TRULICITY INJECTIONS,14.491168645381928,Trulicity Injectable Product,"Trulicity,Auto-Injector,Injectable Product,dulaglutide,0.5 ML dulaglutide 1.5 MG/ML Auto-Injector [Trulicity],0.5 ML dulaglutide 3 MG/ML Auto-Injector [Trulicity],0.5 ML dulaglutide 6 MG/ML Auto-Injector [Trulicity],0.5 ML dulaglutide 9 MG/ML Auto-Injector [Trulicity],dulaglutide 1.5 MG/ML [Trulicity],dulaglutide 3 MG/ML [Trulicity],dulaglutide 6 MG/ML [Trulicity],dulaglutide 9 MG/ML [Trulicity],dulaglutide Auto-Injector [Trulicity],Trulicity Injectable Product,0.5 ML dulaglutide 1.5 MG/ML Auto-Injector,0.5 ML dulaglutide 3 MG/ML Auto-Injector,0.5 ML dulaglutide 6 MG/ML Auto-Injector,0.5 ML dulaglutide 9 MG/ML Auto-Injector,dulaglutide 1.5 MG/ML,dulaglutide 3 MG/ML,dulaglutide 6 MG/ML,dulaglutide 9 MG/ML,dulaglutide Auto-Injector,dulaglutide Injectable Product",>=min,TRUE,9.5-10.0
SEMAGLUTIDE 0.5 MG,12.070068018436432,semaglutide 0.5 MG/ML,"Wegovy,Auto-Injector,Injectable Product,semaglutide,0.5 ML semaglutide 0.5 MG/ML Auto-Injector [Wegovy],semaglutide 0.5 MG/ML [Wegovy],semaglutide Auto-Injector [Wegovy],Wegovy Injectable Product,0.5 ML semaglutide 0.5 MG/ML Auto-Injector,semaglutide 0.5 MG/ML,semaglutide Auto-Injector,semaglutide Injectable Product",>=min,TRUE,9.5-10.0
"SEMAGLUTIDE (SEMAGLUTIDE 0.5/0.375 ML INJ, SOLN, PEN 1.5ML",23.783628463745117,"0.25 MG, 0.5 MG Dose 1.5 ML semaglutide 1.34 MG/ML Pen Injector","Ozempic,Pen Injector,Injectable Product,semaglutide,0.25 MG, 0.5 MG Dose 1.5 ML semaglutide 1.34 MG/ML Pen Injector [Ozempic],semaglutide 1.34 MG/ML [Ozempic],semaglutide Pen Injector [Ozempic],Ozempic Injectable Product,0.25 MG, 0.5 MG Dose 1.5 ML semaglutide 1.34 MG/ML Pen Injector,semaglutide 1.34 MG/ML,semaglutide Pen Injector,semaglutide Injectable Product",>=min,TRUE,9.5-10.0
TRULICITY (1.5/0.5ML PEN INJECTOR),16.20221519047165,0.5 ML dulaglutide 1.5 MG/ML Auto-Injector [Trulicity],"Trulicity,Auto-Injector,Injectable Product,dulaglutide,0.5 ML dulaglutide 1.5 MG/ML Auto-Injector [Trulicity],dulaglutide 1.5 MG/ML [Trulicity],dulaglutide Auto-Injector [Trulicity],Trulicity Injectable Product,0.5 ML dulaglutide 1.5 MG/ML Auto-Injector,dulaglutide 1.5 MG/ML,dulaglutide Auto-Injector,dulaglutide Injectable Product",>=min,TRUE,9.5-10.0
ORAL SEMAGLUTIDE 14MG,13.999113082885742,semaglutide 14 MG,"Rybelsus,Oral Tablet,Oral Product,Pill,semaglutide,semaglutide 14 MG Oral Tablet [Rybelsus],semaglutide 14 MG [Rybelsus],semaglutide Oral Tablet [Rybelsus],Rybelsus Oral Product,Rybelsus Pill,semaglutide 14 MG Oral Tablet,semaglutide 14 MG,semaglutide Oral Tablet,semaglutide Oral Product,semaglutide Pill",>=min,TRUE,9.5-10.0
TRULICITY INJ 0.75/0.5;,14.773561977386475,0.5 ML dulaglutide 1.5 MG/ML Auto-Injector [Trulicity],"Trulicity,Auto-Injector,Injectable Product,dulaglutide,0.5 ML dulaglutide 1.5 MG/ML Auto-Injector [Trulicity],dulaglutide 1.5 MG/ML [Trulicity],dulaglutide Auto-Injector [Trulicity],Trulicity Injectable Product,0.5 ML dulaglutide 1.5 MG/ML Auto-Injector,dulaglutide 1.5 MG/ML,dulaglutide Auto-Injector,dulaglutide Injectable Product",>=min,TRUE,9.5-10.0
VICTOZA S2,12.718400955200195,Victoza,"Victoza,Pen Injector,Injectable Product,liraglutide,3 ML liraglutide 6 MG/ML Pen Injector [Victoza],liraglutide 6 MG/ML [Victoza],liraglutide Pen Injector [Victoza],Victoza Injectable Product,3 ML liraglutide 6 MG/ML Pen Injector,liraglutide 6 MG/ML,liraglutide Pen Injector,liraglutide Injectable Product",>=min,TRUE,9.5-10.0
VICTOZA 1.2MG,12.718400955200195,Victoza,"Victoza,Pen Injector,Injectable Product,liraglutide,3 ML liraglutide 6 MG/ML Pen Injector [Victoza],liraglutide 6 MG/ML [Victoza],liraglutide Pen Injector [Victoza],Victoza Injectable Product,3 ML liraglutide 6 MG/ML Pen Injector,liraglutide 6 MG/ML,liraglutide Pen Injector,liraglutide Injectable Product",>=min,TRUE,9.5-10.0
SEMAGLUTIDE (OZEMPIC ),17.28619815826416,semaglutide Pen Injector [Ozempic],"Ozempic,Pen Injector,Injectable Product,semaglutide,0.25 MG, 0.5 MG Dose 1.5 ML semaglutide 1.34 MG/ML Pen Injector [Ozempic],1 MG Dose 1.5 ML semaglutide 1.34 MG/ML Pen Injector [Ozempic],3 ML semaglutide 1.34 MG/ML Pen Injector [Ozempic],3 ML semaglutide 2.68 MG/ML Pen Injector [Ozempic],0.25 MG, 0.5 MG Dose 3 ML semaglutide 0.68 MG/ML Pen Injector [Ozempic],semaglutide 1.34 MG/ML [Ozempic],semaglutide 2.68 MG/ML [Ozempic],semaglutide 0.68 MG/ML [Ozempic],semaglutide Pen Injector [Ozempic],Ozempic Injectable Product,0.25 MG, 0.5 MG Dose 1.5 ML semaglutide 1.34 MG/ML Pen Injector,1 MG Dose 1.5 ML semaglutide 1.34 MG/ML Pen Injector,3 ML semaglutide 1.34 MG/ML Pen Injector,3 ML semaglutide 2.68 MG/ML Pen Injector,0.25 MG, 0.5 MG Dose 3 ML semaglutide 0.68 MG/ML Pen Injector,semaglutide 1.34 MG/ML,semaglutide 2.68 MG/ML,semaglutide 0.68 MG/ML,semaglutide Pen Injector,semaglutide Injectable Product",>=min,TRUE,9.5-10.0
OZEMPIC 2MG/0.75ML,12.046144485473633,Ozempic,"Ozempic,Pen Injector,Injectable Product,semaglutide,0.25 MG, 0.5 MG Dose 1.5 ML semaglutide 1.34 MG/ML Pen Injector [Ozempic],1 MG Dose 1.5 ML semaglutide 1.34 MG/ML Pen Injector [Ozempic],3 ML semaglutide 1.34 MG/ML Pen Injector [Ozempic],3 ML semaglutide 2.68 MG/ML Pen Injector [Ozempic],0.25 MG, 0.5 MG Dose 3 ML semaglutide 0.68 MG/ML Pen Injector [Ozempic],semaglutide 1.34 MG/ML [Ozempic],semaglutide 2.68 MG/ML [Ozempic],semaglutide 0.68 MG/ML [Ozempic],semaglutide Pen Injector [Ozempic],Ozempic Injectable Product,0.25 MG, 0.5 MG Dose 1.5 ML semaglutide 1.34 MG/ML Pen Injector,1 MG Dose 1.5 ML semaglutide 1.34 MG/ML Pen Injector,3 ML semaglutide 1.34 MG/ML Pen Injector,3 ML semaglutide 2.68 MG/ML Pen Injector,0.25 MG, 0.5 MG Dose 3 ML semaglutide 0.68 MG/ML Pen Injector,semaglutide 1.34 MG/ML,semaglutide 2.68 MG/ML,semaglutide 0.68 MG/ML,semaglutide Pen Injector,semaglutide Injectable Product",>=min,TRUE,9.5-10.0
TRULICITY 0.75 MG /0.5 ML INJ,15.762113571166992,0.5 ML dulaglutide 1.5 MG/ML Auto-Injector [Trulicity],"Trulicity,Auto-Injector,Injectable Product,dulaglutide,0.5 ML dulaglutide 1.5 MG/ML Auto-Injector [Trulicity],dulaglutide 1.5 MG/ML [Trulicity],dulaglutide Auto-Injector [Trulicity],Trulicity Injectable Product,0.5 ML dulaglutide 1.5 MG/ML Auto-Injector,dulaglutide 1.5 MG/ML,dulaglutide Auto-Injector,dulaglutide Injectable Product",>=min,TRUE,9.5-10.0
SEMAGLUTIDE B,12.885526657104492,semaglutide,semaglutide,>=min,TRUE,9.5-10.0
SOLIQUA,15.077795028686523,Soliqua,"Soliqua,Pen Injector,Injectable Product,lixisenatide,insulin glargine,insulin glargine / lixisenatide,3 ML insulin glargine 100 UNT/ML / lixisenatide 0.033 MG/ML Pen Injector [Soliqua],insulin glargine 100 UNT/ML / lixisenatide 0.033 MG/ML [Soliqua],insulin glargine / lixisenatide Pen Injector [Soliqua],Soliqua Injectable Product,3 ML insulin glargine 100 UNT/ML / lixisenatide 0.033 MG/ML Pen Injector,lixisenatide 0.033 MG/ML,insulin glargine 100 UNT/ML,insulin glargine / lixisenatide Pen Injector,insulin glargine / lixisenatide Injectable Product",>=min,TRUE,9.5-10.0
LIRAGLUTID,13.481648445129395,liraglutide,liraglutide,>=min,TRUE,9.5-10.0
TRULICITY,14.034219741821289,Trulicity,"Trulicity,Auto-Injector,Injectable Product,dulaglutide,0.5 ML dulaglutide 1.5 MG/ML Auto-Injector [Trulicity],0.5 ML dulaglutide 3 MG/ML Auto-Injector [Trulicity],0.5 ML dulaglutide 6 MG/ML Auto-Injector [Trulicity],0.5 ML dulaglutide 9 MG/ML Auto-Injector [Trulicity],dulaglutide 1.5 MG/ML [Trulicity],dulaglutide 3 MG/ML [Trulicity],dulaglutide 6 MG/ML [Trulicity],dulaglutide 9 MG/ML [Trulicity],dulaglutide Auto-Injector [Trulicity],Trulicity Injectable Product,0.5 ML dulaglutide 1.5 MG/ML Auto-Injector,0.5 ML dulaglutide 3 MG/ML Auto-Injector,0.5 ML dulaglutide 6 MG/ML Auto-Injector,0.5 ML dulaglutide 9 MG/ML Auto-Injector,dulaglutide 1.5 MG/ML,dulaglutide 3 MG/ML,dulaglutide 6 MG/ML,dulaglutide 9 MG/ML,dulaglutide Auto-Injector,dulaglutide Injectable Product",>=min,TRUE,9.5-10.0
VICTOZA 18MG/3ML INJECTION,15.511190975930088,3 ML liraglutide 6 MG/ML Pen Injector [Victoza],"Victoza,Pen Injector,Injectable Product,liraglutide,3 ML liraglutide 6 MG/ML Pen Injector [Victoza],liraglutide 6 MG/ML [Victoza],liraglutide Pen Injector [Victoza],Victoza Injectable Product,3 ML liraglutide 6 MG/ML Pen Injector,liraglutide 6 MG/ML,liraglutide Pen Injector,liraglutide Injectable Product",>=min,TRUE,9.5-10.0
TANZEUM PEN-INJECTOR,26.30767822265625,albiglutide Pen Injector [Tanzeum],"Tanzeum,Pen Injector,Injectable Product,albiglutide,0.5 ML albiglutide 60 MG/ML Pen Injector [Tanzeum],0.5 ML albiglutide 100 MG/ML Pen Injector [Tanzeum],albiglutide 60 MG/ML [Tanzeum],albiglutide 100 MG/ML [Tanzeum],albiglutide Pen Injector [Tanzeum],Tanzeum Injectable Product,0.5 ML albiglutide 60 MG/ML Pen Injector,0.5 ML albiglutide 100 MG/ML Pen Injector,albiglutide 60 MG/ML,albiglutide 100 MG/ML,albiglutide Pen Injector,albiglutide Injectable Product",>=min,TRUE,9.5-10.0
EXENATIDE (EXENATIDE) (EXENATIDE),26.46118164,exenatide,exenatide,>=min,TRUE,9.5-10.0
OZEMPIC S/C,14.046144485473633,Ozempic,"Ozempic,Pen Injector,Injectable Product,semaglutide,0.25 MG, 0.5 MG Dose 1.5 ML semaglutide 1.34 MG/ML Pen Injector [Ozempic],1 MG Dose 1.5 ML semaglutide 1.34 MG/ML Pen Injector [Ozempic],3 ML semaglutide 1.34 MG/ML Pen Injector [Ozempic],3 ML semaglutide 2.68 MG/ML Pen Injector [Ozempic],0.25 MG, 0.5 MG Dose 3 ML semaglutide 0.68 MG/ML Pen Injector [Ozempic],semaglutide 1.34 MG/ML [Ozempic],semaglutide 2.68 MG/ML [Ozempic],semaglutide 0.68 MG/ML [Ozempic],semaglutide Pen Injector [Ozempic],Ozempic Injectable Product,0.25 MG, 0.5 MG Dose 1.5 ML semaglutide 1.34 MG/ML Pen Injector,1 MG Dose 1.5 ML semaglutide 1.34 MG/ML Pen Injector,3 ML semaglutide 1.34 MG/ML Pen Injector,3 ML semaglutide 2.68 MG/ML Pen Injector,0.25 MG, 0.5 MG Dose 3 ML semaglutide 0.68 MG/ML Pen Injector,semaglutide 1.34 MG/ML,semaglutide 2.68 MG/ML,semaglutide 0.68 MG/ML,semaglutide Pen Injector,semaglutide Injectable Product",>=min,TRUE,9.5-10.0
MOUNJARO SHOT,13.476278305053711,Mounjaro,"Mounjaro,Auto-Injector,Injection,Injectable Product,tirzepatide,0.5 ML tirzepatide 10 MG/ML Auto-Injector [Mounjaro],0.5 ML tirzepatide 30 MG/ML Auto-Injector [Mounjaro],0.5 ML tirzepatide 5 MG/ML Auto-Injector [Mounjaro],0.5 ML tirzepatide 20 MG/ML Auto-Injector [Mounjaro],0.5 ML tirzepatide 25 MG/ML Auto-Injector [Mounjaro],0.5 ML tirzepatide 15 MG/ML Auto-Injector [Mounjaro],0.5 ML tirzepatide 15 MG/ML Injection [Mounjaro],0.5 ML tirzepatide 10 MG/ML Injection [Mounjaro],0.5 ML tirzepatide 5 MG/ML Injection [Mounjaro],0.5 ML tirzepatide 30 MG/ML Injection [Mounjaro],0.5 ML tirzepatide 25 MG/ML Injection [Mounjaro],0.5 ML tirzepatide 20 MG/ML Injection [Mounjaro],tirzepatide 10 MG/ML [Mounjaro],tirzepatide 30 MG/ML [Mounjaro],tirzepatide 5 MG/ML [Mounjaro],tirzepatide 20 MG/ML [Mounjaro],tirzepatide 25 MG/ML [Mounjaro],tirzepatide 15 MG/ML [Mounjaro],tirzepatide Auto-Injector [Mounjaro],tirzepatide Injection [Mounjaro],Mounjaro Injectable Product,0.5 ML tirzepatide 10 MG/ML Auto-Injector,0.5 ML tirzepatide 30 MG/ML Auto-Injector,0.5 ML tirzepatide 5 MG/ML Auto-Injector,0.5 ML tirzepatide 20 MG/ML Auto-Injector,0.5 ML tirzepatide 25 MG/ML Auto-Injector,0.5 ML tirzepatide 15 MG/ML Auto-Injector,0.5 ML tirzepatide 15 MG/ML Injection,0.5 ML tirzepatide 10 MG/ML Injection,0.5 ML tirzepatide 5 MG/ML Injection,0.5 ML tirzepatide 30 MG/ML Injection,0.5 ML tirzepatide 25 MG/ML Injection,0.5 ML tirzepatide 20 MG/ML Injection,tirzepatide 10 MG/ML,tirzepatide 30 MG/ML,tirzepatide 5 MG/ML,tirzepatide 20 MG/ML,tirzepatide 25 MG/ML,tirzepatide 15 MG/ML,tirzepatide Auto-Injector,tirzepatide Injection,tirzepatide Injectable Product",>=min,TRUE,9.5-10.0
OZEMPIC 0.25MG SQ WEEKLY,12.046144485473633,Ozempic,"Ozempic,Pen Injector,Injectable Product,semaglutide,0.25 MG, 0.5 MG Dose 1.5 ML semaglutide 1.34 MG/ML Pen Injector [Ozempic],1 MG Dose 1.5 ML semaglutide 1.34 MG/ML Pen Injector [Ozempic],3 ML semaglutide 1.34 MG/ML Pen Injector [Ozempic],3 ML semaglutide 2.68 MG/ML Pen Injector [Ozempic],0.25 MG, 0.5 MG Dose 3 ML semaglutide 0.68 MG/ML Pen Injector [Ozempic],semaglutide 1.34 MG/ML [Ozempic],semaglutide 2.68 MG/ML [Ozempic],semaglutide 0.68 MG/ML [Ozempic],semaglutide Pen Injector [Ozempic],Ozempic Injectable Product,0.25 MG, 0.5 MG Dose 1.5 ML semaglutide 1.34 MG/ML Pen Injector,1 MG Dose 1.5 ML semaglutide 1.34 MG/ML Pen Injector,3 ML semaglutide 1.34 MG/ML Pen Injector,3 ML semaglutide 2.68 MG/ML Pen Injector,0.25 MG, 0.5 MG Dose 3 ML semaglutide 0.68 MG/ML Pen Injector,semaglutide 1.34 MG/ML,semaglutide 2.68 MG/ML,semaglutide 0.68 MG/ML,semaglutide Pen Injector,semaglutide Injectable Product",>=min,TRUE,9.5-10.0
OZEMPIC INJ 8MG/3ML,13.829000659399044,3 ML semaglutide 2.68 MG/ML Pen Injector [Ozempic],"Ozempic,Pen Injector,Injectable Product,semaglutide,3 ML semaglutide 2.68 MG/ML Pen Injector [Ozempic],semaglutide 2.68 MG/ML [Ozempic],semaglutide Pen Injector [Ozempic],Ozempic Injectable Product,3 ML semaglutide 2.68 MG/ML Pen Injector,semaglutide 2.68 MG/ML,semaglutide Pen Injector,semaglutide Injectable Product",>=min,TRUE,9.5-10.0
BLINDED SEMAGLUTIDE CT,12.885526657104492,semaglutide,semaglutide,>=min,TRUE,9.5-10.0
TRULICITY INJ 1.5/0.5,13.667341230771067,0.5 ML dulaglutide 3 MG/ML Auto-Injector [Trulicity],"Trulicity,Auto-Injector,Injectable Product,dulaglutide,0.5 ML dulaglutide 3 MG/ML Auto-Injector [Trulicity],dulaglutide 3 MG/ML [Trulicity],dulaglutide Auto-Injector [Trulicity],Trulicity Injectable Product,0.5 ML dulaglutide 3 MG/ML Auto-Injector,dulaglutide 3 MG/ML,dulaglutide Auto-Injector,dulaglutide Injectable Product",>=min,TRUE,9.5-10.0
MOUNJARO 2.5MG/0.5ML INJ,15.140840304424765,0.5 ML tirzepatide 5 MG/ML Injection [Mounjaro],"Mounjaro,Injection,Injectable Product,tirzepatide,0.5 ML tirzepatide 5 MG/ML Injection [Mounjaro],tirzepatide 5 MG/ML [Mounjaro],tirzepatide Injection [Mounjaro],Mounjaro Injectable Product,0.5 ML tirzepatide 5 MG/ML Injection,tirzepatide 5 MG/ML,tirzepatide Injection,tirzepatide Injectable Product",>=min,TRUE,9.5-10.0
DULAGLUTIDE ((MAMMAL/HAMSTER/CHO CELLS)) [DULAGLUTIDE ((MAMMAL/HAMSTER,21.492233408324577,"mammal bone, fossilized","mammal bone, fossilized",>=min,TRUE,9.5-10.0
VICTOZA 18MG/ML,13.87530895,3 ML liraglutide 6 MG/ML Pen Injector [Victoza],"Victoza,Pen Injector,Injectable Product,liraglutide,3 ML liraglutide 6 MG/ML Pen Injector [Victoza],liraglutide 6 MG/ML [Victoza],liraglutide Pen Injector [Victoza],Victoza Injectable Product,3 ML liraglutide 6 MG/ML Pen Injector,liraglutide 6 MG/ML,liraglutide Pen Injector,liraglutide Injectable Product",>=min,TRUE,9.5-10.0
RYBELSUS 7MG TAB,14.41427993774414,semaglutide 7 MG Oral Tablet [Rybelsus],"Rybelsus,Oral Tablet,Oral Product,Pill,semaglutide,semaglutide 7 MG Oral Tablet [Rybelsus],semaglutide 7 MG [Rybelsus],semaglutide Oral Tablet [Rybelsus],Rybelsus Oral Product,Rybelsus Pill,semaglutide 7 MG Oral Tablet,semaglutide 7 MG,semaglutide Oral Tablet,semaglutide Oral Product,semaglutide Pill",>=min,TRUE,9.5-10.0
XULTOPHY SUBCUTANEOUS SOLUTION PEN,15.511920928955078,insulin degludec / liraglutide Pen Injector [Xultophy],"Xultophy,Pen Injector,Injectable Product,insulin degludec,liraglutide,insulin degludec / liraglutide,3 ML insulin degludec 100 UNT/ML / liraglutide 3.6 MG/ML Pen Injector [Xultophy],insulin degludec 100 UNT/ML / liraglutide 3.6 MG/ML [Xultophy],insulin degludec / liraglutide Pen Injector [Xultophy],Xultophy Injectable Product,3 ML insulin degludec 100 UNT/ML / liraglutide 3.6 MG/ML Pen Injector,insulin degludec 100 UNT/ML,liraglutide 3.6 MG/ML,insulin degludec / liraglutide Pen Injector,insulin degludec / liraglutide Injectable Product",>=min,TRUE,9.5-10.0
VICTOZA 18 MG/3ML PEN-INJECTOR,25.32092657184601,3 ML liraglutide 6 MG/ML Pen Injector [Victoza],"Victoza,Pen Injector,Injectable Product,liraglutide,3 ML liraglutide 6 MG/ML Pen Injector [Victoza],liraglutide 6 MG/ML [Victoza],liraglutide Pen Injector [Victoza],Victoza Injectable Product,3 ML liraglutide 6 MG/ML Pen Injector,liraglutide 6 MG/ML,liraglutide Pen Injector,liraglutide Injectable Product",>=min,TRUE,9.5-10.0
DULAGLUTIDE 0.75 MG,12.405456708212377,0.5 ML dulaglutide 1.5 MG/ML Auto-Injector,"Trulicity,Auto-Injector,Injectable Product,dulaglutide,0.5 ML dulaglutide 1.5 MG/ML Auto-Injector [Trulicity],dulaglutide 1.5 MG/ML [Trulicity],dulaglutide Auto-Injector [Trulicity],Trulicity Injectable Product,0.5 ML dulaglutide 1.5 MG/ML Auto-Injector,dulaglutide 1.5 MG/ML,dulaglutide Auto-Injector,dulaglutide Injectable Product",>=min,TRUE,9.5-10.0
TRULICITY 1.5MG/.5ML,12.945055344242506,0.5 ML dulaglutide 1.5 MG/ML Auto-Injector [Trulicity],"Trulicity,Auto-Injector,Injectable Product,dulaglutide,0.5 ML dulaglutide 1.5 MG/ML Auto-Injector [Trulicity],dulaglutide 1.5 MG/ML [Trulicity],dulaglutide Auto-Injector [Trulicity],Trulicity Injectable Product,0.5 ML dulaglutide 1.5 MG/ML Auto-Injector,dulaglutide 1.5 MG/ML,dulaglutide Auto-Injector,dulaglutide Injectable Product",>=min,TRUE,9.5-10.0
LIXISENATIDE,13.787429809570312,lixisenatide,lixisenatide,>=min,TRUE,9.5-10.0
RYBELSUS,14.149604797363281,Rybelsus,"Rybelsus,Oral Tablet,Oral Product,Pill,semaglutide,semaglutide 14 MG Oral Tablet [Rybelsus],semaglutide 3 MG Oral Tablet [Rybelsus],semaglutide 7 MG Oral Tablet [Rybelsus],semaglutide 1.5 MG Oral Tablet [Rybelsus],semaglutide 4 MG Oral Tablet [Rybelsus],semaglutide 9 MG Oral Tablet [Rybelsus],semaglutide 14 MG [Rybelsus],semaglutide 3 MG [Rybelsus],semaglutide 7 MG [Rybelsus],semaglutide 1.5 MG [Rybelsus],semaglutide 4 MG [Rybelsus],semaglutide 9 MG [Rybelsus],semaglutide Oral Tablet [Rybelsus],Rybelsus Oral Product,Rybelsus Pill,semaglutide 14 MG Oral Tablet,semaglutide 3 MG Oral Tablet,semaglutide 7 MG Oral Tablet,semaglutide 1.5 MG Oral Tablet,semaglutide 4 MG Oral Tablet,semaglutide 9 MG Oral Tablet,semaglutide 14 MG,semaglutide 3 MG,semaglutide 7 MG,semaglutide 1.5 MG,semaglutide 4 MG,semaglutide 9 MG,semaglutide Oral Tablet,semaglutide Oral Product,semaglutide Pill",>=min,TRUE,9.5-10.0
DULAGLUTIDE (GENETICAL RECOMBINATION),14.229585266113281,burosumab,burosumab,>=min,TRUE,9.5-10.0
VICTOZA 2-PAK,17.158644930521646,Epipen,"Epipen,Auto-Injector,Injectable Product,epinephrine,NDA019430 0.3 ML epinephrine 1 MG/ML Auto-Injector [Epipen],NDA019430 0.3 ML epinephrine 0.5 MG/ML Auto-Injector [Epipen],epinephrine 1 MG/ML [Epipen],epinephrine 0.5 MG/ML [Epipen],epinephrine Auto-Injector [Epipen],Epipen Injectable Product,NDA019430 0.3 ML epinephrine 1 MG/ML Auto-Injector,NDA019430 0.3 ML epinephrine 0.5 MG/ML Auto-Injector,epinephrine 1 MG/ML,epinephrine 0.5 MG/ML,epinephrine Auto-Injector,epinephrine Injectable Product",>=min,TRUE,9.5-10.0
DULAGLUTIDE [DULAGLUTIDE],20.22308349609375,dulaglutide,dulaglutide,>=min,TRUE,9.5-10.0
"METOPROL SUC ER, VICTOZA",14.718400955200195,Victoza,"Victoza,Pen Injector,Injectable Product,liraglutide,3 ML liraglutide 6 MG/ML Pen Injector [Victoza],liraglutide 6 MG/ML [Victoza],liraglutide Pen Injector [Victoza],Victoza Injectable Product,3 ML liraglutide 6 MG/ML Pen Injector,liraglutide 6 MG/ML,liraglutide Pen Injector,liraglutide Injectable Product",>=min,TRUE,9.5-10.0
TRULICITY 4.5MG/0.5ML INJECT 4.5MG SUBQ QWEEKLY,17.821542739868164,0.5 ML dulaglutide 9 MG/ML Auto-Injector [Trulicity],"Trulicity,Auto-Injector,Injectable Product,dulaglutide,0.5 ML dulaglutide 9 MG/ML Auto-Injector [Trulicity],dulaglutide 9 MG/ML [Trulicity],dulaglutide Auto-Injector [Trulicity],Trulicity Injectable Product,0.5 ML dulaglutide 9 MG/ML Auto-Injector,dulaglutide 9 MG/ML,dulaglutide Auto-Injector,dulaglutide Injectable Product",>=min,TRUE,9.5-10.0
SEMAGLUTID NOVO NORDISK,12.885526657104492,semaglutide,semaglutide,>=min,TRUE,9.5-10.0
TRULICITY SUBCUTANEOUS SOLUTION PEN INJECTOR 1.5 MG/0.5 ML,18.934255599975586,0.5 ML dulaglutide 3 MG/ML Auto-Injector [Trulicity],"Trulicity,Auto-Injector,Injectable Product,dulaglutide,0.5 ML dulaglutide 3 MG/ML Auto-Injector [Trulicity],dulaglutide 3 MG/ML [Trulicity],dulaglutide Auto-Injector [Trulicity],Trulicity Injectable Product,0.5 ML dulaglutide 3 MG/ML Auto-Injector,dulaglutide 3 MG/ML,dulaglutide Auto-Injector,dulaglutide Injectable Product",>=min,TRUE,9.5-10.0
DULAGLUTIDEV,9.091933250427246,dulaglutide,dulaglutide,>=min,TRUE,9.0-9.5
CITRULLINE\LIRAGLUTIDE,13.658462524414062,citrulline,citrulline,>=min,TRUE,9.5-10.0
MOUNJARO INJ 7.5/0.5,14.71939660116482,0.5 ML tirzepatide 15 MG/ML Injection [Mounjaro],"Mounjaro,Injection,Injectable Product,tirzepatide,0.5 ML tirzepatide 15 MG/ML Injection [Mounjaro],tirzepatide 15 MG/ML [Mounjaro],tirzepatide Injection [Mounjaro],Mounjaro Injectable Product,0.5 ML tirzepatide 15 MG/ML Injection,tirzepatide 15 MG/ML,tirzepatide Injection,tirzepatide Injectable Product",>=min,TRUE,9.5-10.0
XULTOPHY,15.077795028686523,Xultophy,"Xultophy,Pen Injector,Injectable Product,insulin degludec,liraglutide,insulin degludec / liraglutide,3 ML insulin degludec 100 UNT/ML / liraglutide 3.6 MG/ML Pen Injector [Xultophy],insulin degludec 100 UNT/ML / liraglutide 3.6 MG/ML [Xultophy],insulin degludec / liraglutide Pen Injector [Xultophy],Xultophy Injectable Product,3 ML insulin degludec 100 UNT/ML / liraglutide 3.6 MG/ML Pen Injector,insulin degludec 100 UNT/ML,liraglutide 3.6 MG/ML,insulin degludec / liraglutide Pen Injector,insulin degludec / liraglutide Injectable Product",>=min,TRUE,9.5-10.0
EXENATIDE.,13.48706055,exenatide,exenatide,>=min,TRUE,9.5-10.0
VICTOZA (LIRAGLUTIDE (GENETICAL RECOMBINATION)) 0.9 MG DAILY,20.25656509399414,liraglutide,liraglutide,>=min,TRUE,9.5-10.0
"OZEMPIC 1 MG, SOLUTION INJECTABLE EN STYLO PR?REMPLI",12.508604049682617,Ozempic Injectable Product,"Ozempic,Pen Injector,Injectable Product,semaglutide,0.25 MG, 0.5 MG Dose 1.5 ML semaglutide 1.34 MG/ML Pen Injector [Ozempic],1 MG Dose 1.5 ML semaglutide 1.34 MG/ML Pen Injector [Ozempic],3 ML semaglutide 1.34 MG/ML Pen Injector [Ozempic],3 ML semaglutide 2.68 MG/ML Pen Injector [Ozempic],0.25 MG, 0.5 MG Dose 3 ML semaglutide 0.68 MG/ML Pen Injector [Ozempic],semaglutide 1.34 MG/ML [Ozempic],semaglutide 2.68 MG/ML [Ozempic],semaglutide 0.68 MG/ML [Ozempic],semaglutide Pen Injector [Ozempic],Ozempic Injectable Product,0.25 MG, 0.5 MG Dose 1.5 ML semaglutide 1.34 MG/ML Pen Injector,1 MG Dose 1.5 ML semaglutide 1.34 MG/ML Pen Injector,3 ML semaglutide 1.34 MG/ML Pen Injector,3 ML semaglutide 2.68 MG/ML Pen Injector,0.25 MG, 0.5 MG Dose 3 ML semaglutide 0.68 MG/ML Pen Injector,semaglutide 1.34 MG/ML,semaglutide 2.68 MG/ML,semaglutide 0.68 MG/ML,semaglutide Pen Injector,semaglutide Injectable Product",>=min,TRUE,9.5-10.0
BLINDED INSULIN GLARGINE/LIXISENATIDE,21.091108322143555,insulin glargine / lixisenatide,"Soliqua,Pen Injector,Injectable Product,lixisenatide,insulin glargine,insulin glargine / lixisenatide,3 ML insulin glargine 100 UNT/ML / lixisenatide 0.033 MG/ML Pen Injector [Soliqua],insulin glargine 100 UNT/ML / lixisenatide 0.033 MG/ML [Soliqua],insulin glargine / lixisenatide Pen Injector [Soliqua],Soliqua Injectable Product,3 ML insulin glargine 100 UNT/ML / lixisenatide 0.033 MG/ML Pen Injector,lixisenatide 0.033 MG/ML,insulin glargine 100 UNT/ML,insulin glargine / lixisenatide Pen Injector,insulin glargine / lixisenatide Injectable Product",>=min,TRUE,9.5-10.0
BYDUREON BCIS 2MG/0.85ML,15.767349521278781,0.85 ML exenatide 2.35 MG/ML Auto-Injector [Bydureon],"Bydureon,Auto-Injector,Injectable Product,exenatide,0.85 ML exenatide 2.35 MG/ML Auto-Injector [Bydureon],exenatide 2.35 MG/ML [Bydureon],exenatide Auto-Injector [Bydureon],Bydureon Injectable Product,0.85 ML exenatide 2.35 MG/ML Auto-Injector,exenatide 2.35 MG/ML,exenatide Auto-Injector,exenatide Injectable Product",>=min,TRUE,9.5-10.0
OZEMPIC HCQ,14.046144485473633,Ozempic,"Ozempic,Pen Injector,Injectable Product,semaglutide,0.25 MG, 0.5 MG Dose 1.5 ML semaglutide 1.34 MG/ML Pen Injector [Ozempic],1 MG Dose 1.5 ML semaglutide 1.34 MG/ML Pen Injector [Ozempic],3 ML semaglutide 1.34 MG/ML Pen Injector [Ozempic],3 ML semaglutide 2.68 MG/ML Pen Injector [Ozempic],0.25 MG, 0.5 MG Dose 3 ML semaglutide 0.68 MG/ML Pen Injector [Ozempic],semaglutide 1.34 MG/ML [Ozempic],semaglutide 2.68 MG/ML [Ozempic],semaglutide 0.68 MG/ML [Ozempic],semaglutide Pen Injector [Ozempic],Ozempic Injectable Product,0.25 MG, 0.5 MG Dose 1.5 ML semaglutide 1.34 MG/ML Pen Injector,1 MG Dose 1.5 ML semaglutide 1.34 MG/ML Pen Injector,3 ML semaglutide 1.34 MG/ML Pen Injector,3 ML semaglutide 2.68 MG/ML Pen Injector,0.25 MG, 0.5 MG Dose 3 ML semaglutide 0.68 MG/ML Pen Injector,semaglutide 1.34 MG/ML,semaglutide 2.68 MG/ML,semaglutide 0.68 MG/ML,semaglutide Pen Injector,semaglutide Injectable Product",>=min,TRUE,9.5-10.0
TRULICITY SOP 1.5MG/0.5ML,13.939479019243892,0.5 ML dulaglutide 1.5 MG/ML Auto-Injector [Trulicity],"Trulicity,Auto-Injector,Injectable Product,dulaglutide,0.5 ML dulaglutide 1.5 MG/ML Auto-Injector [Trulicity],dulaglutide 1.5 MG/ML [Trulicity],dulaglutide Auto-Injector [Trulicity],Trulicity Injectable Product,0.5 ML dulaglutide 1.5 MG/ML Auto-Injector,dulaglutide 1.5 MG/ML,dulaglutide Auto-Injector,dulaglutide Injectable Product",>=min,TRUE,9.5-10.0
"TRULICITY 1,5 MG",12.034219741821289,Trulicity,"Trulicity,Auto-Injector,Injectable Product,dulaglutide,0.5 ML dulaglutide 1.5 MG/ML Auto-Injector [Trulicity],0.5 ML dulaglutide 3 MG/ML Auto-Injector [Trulicity],0.5 ML dulaglutide 6 MG/ML Auto-Injector [Trulicity],0.5 ML dulaglutide 9 MG/ML Auto-Injector [Trulicity],dulaglutide 1.5 MG/ML [Trulicity],dulaglutide 3 MG/ML [Trulicity],dulaglutide 6 MG/ML [Trulicity],dulaglutide 9 MG/ML [Trulicity],dulaglutide Auto-Injector [Trulicity],Trulicity Injectable Product,0.5 ML dulaglutide 1.5 MG/ML Auto-Injector,0.5 ML dulaglutide 3 MG/ML Auto-Injector,0.5 ML dulaglutide 6 MG/ML Auto-Injector,0.5 ML dulaglutide 9 MG/ML Auto-Injector,dulaglutide 1.5 MG/ML,dulaglutide 3 MG/ML,dulaglutide 6 MG/ML,dulaglutide 9 MG/ML,dulaglutide Auto-Injector,dulaglutide Injectable Product",>=min,TRUE,9.5-10.0
VICTOZA (LIRAGLUTIDE [RDNA ORIGIN] INJECTION),19.901973724365234,liraglutide,liraglutide,>=min,TRUE,9.5-10.0
WEGOVY (SEMAGLUTIDE) 2.4MG/0.5ML,16.19166110099272,0.5 ML semaglutide 2 MG/ML Auto-Injector [Wegovy],"Wegovy,Auto-Injector,Injectable Product,semaglutide,0.5 ML semaglutide 2 MG/ML Auto-Injector [Wegovy],semaglutide 2 MG/ML [Wegovy],semaglutide Auto-Injector [Wegovy],Wegovy Injectable Product,0.5 ML semaglutide 2 MG/ML Auto-Injector,semaglutide 2 MG/ML,semaglutide Auto-Injector,semaglutide Injectable Product",>=min,TRUE,9.5-10.0
CYANOCOBALAMIN\SEMAGLUTIDE,12.885526657104492,semaglutide,semaglutide,>=min,TRUE,9.5-10.0
"TRULICITY 1,5 MG SOLUCION INYECTABLE EN PLUMA PRECARGADA",12.034219741821289,Trulicity,"Trulicity,Auto-Injector,Injectable Product,dulaglutide,0.5 ML dulaglutide 1.5 MG/ML Auto-Injector [Trulicity],0.5 ML dulaglutide 3 MG/ML Auto-Injector [Trulicity],0.5 ML dulaglutide 6 MG/ML Auto-Injector [Trulicity],0.5 ML dulaglutide 9 MG/ML Auto-Injector [Trulicity],dulaglutide 1.5 MG/ML [Trulicity],dulaglutide 3 MG/ML [Trulicity],dulaglutide 6 MG/ML [Trulicity],dulaglutide 9 MG/ML [Trulicity],dulaglutide Auto-Injector [Trulicity],Trulicity Injectable Product,0.5 ML dulaglutide 1.5 MG/ML Auto-Injector,0.5 ML dulaglutide 3 MG/ML Auto-Injector,0.5 ML dulaglutide 6 MG/ML Auto-Injector,0.5 ML dulaglutide 9 MG/ML Auto-Injector,dulaglutide 1.5 MG/ML,dulaglutide 3 MG/ML,dulaglutide 6 MG/ML,dulaglutide 9 MG/ML,dulaglutide Auto-Injector,dulaglutide Injectable Product",>=min,TRUE,9.5-10.0
OZEMPIC 0.25MG,12.046144485473633,Ozempic,"Ozempic,Pen Injector,Injectable Product,semaglutide,0.25 MG, 0.5 MG Dose 1.5 ML semaglutide 1.34 MG/ML Pen Injector [Ozempic],1 MG Dose 1.5 ML semaglutide 1.34 MG/ML Pen Injector [Ozempic],3 ML semaglutide 1.34 MG/ML Pen Injector [Ozempic],3 ML semaglutide 2.68 MG/ML Pen Injector [Ozempic],0.25 MG, 0.5 MG Dose 3 ML semaglutide 0.68 MG/ML Pen Injector [Ozempic],semaglutide 1.34 MG/ML [Ozempic],semaglutide 2.68 MG/ML [Ozempic],semaglutide 0.68 MG/ML [Ozempic],semaglutide Pen Injector [Ozempic],Ozempic Injectable Product,0.25 MG, 0.5 MG Dose 1.5 ML semaglutide 1.34 MG/ML Pen Injector,1 MG Dose 1.5 ML semaglutide 1.34 MG/ML Pen Injector,3 ML semaglutide 1.34 MG/ML Pen Injector,3 ML semaglutide 2.68 MG/ML Pen Injector,0.25 MG, 0.5 MG Dose 3 ML semaglutide 0.68 MG/ML Pen Injector,semaglutide 1.34 MG/ML,semaglutide 2.68 MG/ML,semaglutide 0.68 MG/ML,semaglutide Pen Injector,semaglutide Injectable Product",>=min,TRUE,9.5-10.0
EXENATIDE ER,13.48706055,exenatide,exenatide,>=min,TRUE,9.5-10.0
"DULAGLUTIDE (DULAGLUTIDE 0.75MG/0.5ML INJ, SOLN,PEN)",22.810245513916016,0.5 ML dulaglutide 1.5 MG/ML Auto-Injector,"Trulicity,Auto-Injector,Injectable Product,dulaglutide,0.5 ML dulaglutide 1.5 MG/ML Auto-Injector [Trulicity],dulaglutide 1.5 MG/ML [Trulicity],dulaglutide Auto-Injector [Trulicity],Trulicity Injectable Product,0.5 ML dulaglutide 1.5 MG/ML Auto-Injector,dulaglutide 1.5 MG/ML,dulaglutide Auto-Injector,dulaglutide Injectable Product",>=min,TRUE,9.5-10.0
BYETTA,14.438364028930664,Byetta,"Byetta,Pen Injector,Injectable Product,exenatide,60 ACTUAT exenatide 0.01 MG/ACTUAT Pen Injector [Byetta],60 ACTUAT exenatide 0.005 MG/ACTUAT Pen Injector [Byetta],exenatide 0.01 MG/ACTUAT [Byetta],exenatide 0.005 MG/ACTUAT [Byetta],exenatide Pen Injector [Byetta],Byetta Injectable Product,60 ACTUAT exenatide 0.01 MG/ACTUAT Pen Injector,60 ACTUAT exenatide 0.005 MG/ACTUAT Pen Injector,exenatide 0.01 MG/ACTUAT,exenatide 0.005 MG/ACTUAT,exenatide Pen Injector,exenatide Injectable Product",>=min,TRUE,9.5-10.0
VICTOZA MULTIDOSE PEN-INJECTOR.,26.355377197265625,liraglutide Pen Injector [Victoza],"Victoza,Pen Injector,Injectable Product,liraglutide,3 ML liraglutide 6 MG/ML Pen Injector [Victoza],liraglutide 6 MG/ML [Victoza],liraglutide Pen Injector [Victoza],Victoza Injectable Product,3 ML liraglutide 6 MG/ML Pen Injector,liraglutide 6 MG/ML,liraglutide Pen Injector,liraglutide Injectable Product",>=min,TRUE,9.5-10.0
BYDUREON,14.322449684143066,Bydureon,"Bydureon,Auto-Injector,Injection,Injectable Product,exenatide,exenatide 2 MG Injection [Bydureon],0.85 ML exenatide 2.35 MG/ML Auto-Injector [Bydureon],exenatide 2 MG [Bydureon],exenatide 2.35 MG/ML [Bydureon],exenatide Injection [Bydureon],exenatide Auto-Injector [Bydureon],Bydureon Injectable Product,exenatide 2 MG Injection,0.85 ML exenatide 2.35 MG/ML Auto-Injector,exenatide 2 MG,exenatide 2.35 MG/ML,exenatide Injection,exenatide Auto-Injector,exenatide Injectable Product",>=min,TRUE,9.5-10.0
BYETTA 10MCG/0,14.032519567489624,60 ACTUAT exenatide 0.01 MG/ACTUAT Pen Injector [Byetta],"Byetta,Pen Injector,Injectable Product,exenatide,60 ACTUAT exenatide 0.01 MG/ACTUAT Pen Injector [Byetta],exenatide 0.01 MG/ACTUAT [Byetta],exenatide Pen Injector [Byetta],Byetta Injectable Product,60 ACTUAT exenatide 0.01 MG/ACTUAT Pen Injector,exenatide 0.01 MG/ACTUAT,exenatide Pen Injector,exenatide Injectable Product",>=min,TRUE,9.5-10.0
TRULICITY INSULIN,14.034219741821289,Trulicity,"Trulicity,Auto-Injector,Injectable Product,dulaglutide,0.5 ML dulaglutide 1.5 MG/ML Auto-Injector [Trulicity],0.5 ML dulaglutide 3 MG/ML Auto-Injector [Trulicity],0.5 ML dulaglutide 6 MG/ML Auto-Injector [Trulicity],0.5 ML dulaglutide 9 MG/ML Auto-Injector [Trulicity],dulaglutide 1.5 MG/ML [Trulicity],dulaglutide 3 MG/ML [Trulicity],dulaglutide 6 MG/ML [Trulicity],dulaglutide 9 MG/ML [Trulicity],dulaglutide Auto-Injector [Trulicity],Trulicity Injectable Product,0.5 ML dulaglutide 1.5 MG/ML Auto-Injector,0.5 ML dulaglutide 3 MG/ML Auto-Injector,0.5 ML dulaglutide 6 MG/ML Auto-Injector,0.5 ML dulaglutide 9 MG/ML Auto-Injector,dulaglutide 1.5 MG/ML,dulaglutide 3 MG/ML,dulaglutide 6 MG/ML,dulaglutide 9 MG/ML,dulaglutide Auto-Injector,dulaglutide Injectable Product",>=min,TRUE,9.5-10.0
VICTOZA 18MG/3ML,15.503435380442122,3 ML liraglutide 6 MG/ML Pen Injector [Victoza],"Victoza,Pen Injector,Injectable Product,liraglutide,3 ML liraglutide 6 MG/ML Pen Injector [Victoza],liraglutide 6 MG/ML [Victoza],liraglutide Pen Injector [Victoza],Victoza Injectable Product,3 ML liraglutide 6 MG/ML Pen Injector,liraglutide 6 MG/ML,liraglutide Pen Injector,liraglutide Injectable Product",>=min,TRUE,9.5-10.0
DULAGLUTIDE (TRULICITY) 1.5 MG SC WEEKLY,16.937959671020508,dulaglutide 1.5 MG/ML [Trulicity],"Trulicity,Auto-Injector,Injectable Product,dulaglutide,0.5 ML dulaglutide 1.5 MG/ML Auto-Injector [Trulicity],dulaglutide 1.5 MG/ML [Trulicity],dulaglutide Auto-Injector [Trulicity],Trulicity Injectable Product,0.5 ML dulaglutide 1.5 MG/ML Auto-Injector,dulaglutide 1.5 MG/ML,dulaglutide Auto-Injector,dulaglutide Injectable Product",>=min,TRUE,9.5-10.0
MONJAURO (TIRZEPATIDE),12.608393669128418,tirzepatide,tirzepatide,>=min,TRUE,9.5-10.0
"INSULINE DEGLUDEC, LIRAGLUTIDE",21.292036056518555,insulin degludec / liraglutide,"Xultophy,Pen Injector,Injectable Product,insulin degludec,liraglutide,insulin degludec / liraglutide,3 ML insulin degludec 100 UNT/ML / liraglutide 3.6 MG/ML Pen Injector [Xultophy],insulin degludec 100 UNT/ML / liraglutide 3.6 MG/ML [Xultophy],insulin degludec / liraglutide Pen Injector [Xultophy],Xultophy Injectable Product,3 ML insulin degludec 100 UNT/ML / liraglutide 3.6 MG/ML Pen Injector,insulin degludec 100 UNT/ML,liraglutide 3.6 MG/ML,insulin degludec / liraglutide Pen Injector,insulin degludec / liraglutide Injectable Product",>=min,TRUE,9.5-10.0
SAXENDA SC,14.783894538879395,Saxenda,"Saxenda,Pen Injector,Injectable Product,liraglutide,3 ML liraglutide 6 MG/ML Pen Injector [Saxenda],liraglutide 6 MG/ML [Saxenda],liraglutide Pen Injector [Saxenda],Saxenda Injectable Product,3 ML liraglutide 6 MG/ML Pen Injector,liraglutide 6 MG/ML,liraglutide Pen Injector,liraglutide Injectable Product",>=min,TRUE,9.5-10.0
VICTOZA 6MG/ML INJEKTIONSL SUNG IN EINEM FERTIGPEN,14.041428565979004,liraglutide 6 MG/ML [Victoza],"Victoza,Pen Injector,Injectable Product,liraglutide,3 ML liraglutide 6 MG/ML Pen Injector [Victoza],liraglutide 6 MG/ML [Victoza],liraglutide Pen Injector [Victoza],Victoza Injectable Product,3 ML liraglutide 6 MG/ML Pen Injector,liraglutide 6 MG/ML,liraglutide Pen Injector,liraglutide Injectable Product",>=min,TRUE,9.5-10.0
SOLIQUA INSULIN,15.381398852348328,insulin glargine / lixisenatide Pen Injector [Soliqua],"Soliqua,Pen Injector,Injectable Product,lixisenatide,insulin glargine,insulin glargine / lixisenatide,3 ML insulin glargine 100 UNT/ML / lixisenatide 0.033 MG/ML Pen Injector [Soliqua],insulin glargine 100 UNT/ML / lixisenatide 0.033 MG/ML [Soliqua],insulin glargine / lixisenatide Pen Injector [Soliqua],Soliqua Injectable Product,3 ML insulin glargine 100 UNT/ML / lixisenatide 0.033 MG/ML Pen Injector,lixisenatide 0.033 MG/ML,insulin glargine 100 UNT/ML,insulin glargine / lixisenatide Pen Injector,insulin glargine / lixisenatide Injectable Product",>=min,TRUE,9.5-10.0
"EXENATIDE UNK STRENGTH PEN, DISPOSABLE DEVICE",16.015384674072266,exenatide Pen Injector,"Byetta,Pen Injector,Injectable Product,exenatide,60 ACTUAT exenatide 0.01 MG/ACTUAT Pen Injector [Byetta],60 ACTUAT exenatide 0.005 MG/ACTUAT Pen Injector [Byetta],exenatide 0.01 MG/ACTUAT [Byetta],exenatide 0.005 MG/ACTUAT [Byetta],exenatide Pen Injector [Byetta],Byetta Injectable Product,Bydureon Injectable Product,60 ACTUAT exenatide 0.01 MG/ACTUAT Pen Injector,60 ACTUAT exenatide 0.005 MG/ACTUAT Pen Injector,exenatide 0.01 MG/ACTUAT,exenatide 0.005 MG/ACTUAT,exenatide Pen Injector,exenatide Injectable Product",>=min,TRUE,9.5-10.0
"TRULICITY 4,5 MG, SOLUTION INJECTABLE EN STYLO PRE-REMPLI",12.498417854309082,Trulicity Injectable Product,"Trulicity,Auto-Injector,Injectable Product,dulaglutide,0.5 ML dulaglutide 1.5 MG/ML Auto-Injector [Trulicity],0.5 ML dulaglutide 3 MG/ML Auto-Injector [Trulicity],0.5 ML dulaglutide 6 MG/ML Auto-Injector [Trulicity],0.5 ML dulaglutide 9 MG/ML Auto-Injector [Trulicity],dulaglutide 1.5 MG/ML [Trulicity],dulaglutide 3 MG/ML [Trulicity],dulaglutide 6 MG/ML [Trulicity],dulaglutide 9 MG/ML [Trulicity],dulaglutide Auto-Injector [Trulicity],Trulicity Injectable Product,0.5 ML dulaglutide 1.5 MG/ML Auto-Injector,0.5 ML dulaglutide 3 MG/ML Auto-Injector,0.5 ML dulaglutide 6 MG/ML Auto-Injector,0.5 ML dulaglutide 9 MG/ML Auto-Injector,dulaglutide 1.5 MG/ML,dulaglutide 3 MG/ML,dulaglutide 6 MG/ML,dulaglutide 9 MG/ML,dulaglutide Auto-Injector,dulaglutide Injectable Product",>=min,TRUE,9.5-10.0
SEMAGLUTIDE [OZEMPIC],17.28619815826416,semaglutide Pen Injector [Ozempic],"Ozempic,Pen Injector,Injectable Product,semaglutide,0.25 MG, 0.5 MG Dose 1.5 ML semaglutide 1.34 MG/ML Pen Injector [Ozempic],1 MG Dose 1.5 ML semaglutide 1.34 MG/ML Pen Injector [Ozempic],3 ML semaglutide 1.34 MG/ML Pen Injector [Ozempic],3 ML semaglutide 2.68 MG/ML Pen Injector [Ozempic],0.25 MG, 0.5 MG Dose 3 ML semaglutide 0.68 MG/ML Pen Injector [Ozempic],semaglutide 1.34 MG/ML [Ozempic],semaglutide 2.68 MG/ML [Ozempic],semaglutide 0.68 MG/ML [Ozempic],semaglutide Pen Injector [Ozempic],Ozempic Injectable Product,0.25 MG, 0.5 MG Dose 1.5 ML semaglutide 1.34 MG/ML Pen Injector,1 MG Dose 1.5 ML semaglutide 1.34 MG/ML Pen Injector,3 ML semaglutide 1.34 MG/ML Pen Injector,3 ML semaglutide 2.68 MG/ML Pen Injector,0.25 MG, 0.5 MG Dose 3 ML semaglutide 0.68 MG/ML Pen Injector,semaglutide 1.34 MG/ML,semaglutide 2.68 MG/ML,semaglutide 0.68 MG/ML,semaglutide Pen Injector,semaglutide Injectable Product",>=min,TRUE,9.5-10.0
VICTOZA QD,14.718400955200195,Victoza,"Victoza,Pen Injector,Injectable Product,liraglutide,3 ML liraglutide 6 MG/ML Pen Injector [Victoza],liraglutide 6 MG/ML [Victoza],liraglutide Pen Injector [Victoza],Victoza Injectable Product,3 ML liraglutide 6 MG/ML Pen Injector,liraglutide 6 MG/ML,liraglutide Pen Injector,liraglutide Injectable Product",>=min,TRUE,9.5-10.0
NIACINAMIDE\TIRZEPATIDE,12.608393669128418,tirzepatide,tirzepatide,>=min,TRUE,9.5-10.0
ALBIGLUTIDE (BLINDED),14.034219741821289,albiglutide,albiglutide,>=min,TRUE,9.5-10.0
MOUNJARO 7.5 MG,12.088714986448418,0.5 ML tirzepatide 15 MG/ML Auto-Injector [Mounjaro],"Mounjaro,Auto-Injector,Injectable Product,tirzepatide,0.5 ML tirzepatide 15 MG/ML Auto-Injector [Mounjaro],tirzepatide 15 MG/ML [Mounjaro],tirzepatide Auto-Injector [Mounjaro],Mounjaro Injectable Product,0.5 ML tirzepatide 15 MG/ML Auto-Injector,tirzepatide 15 MG/ML,tirzepatide Auto-Injector,tirzepatide Injectable Product",>=min,TRUE,9.5-10.0
OZEMPIC 4 MG/3 ML PEN INJECTOR,17.11129379272461,semaglutide Pen Injector [Ozempic],"Ozempic,Pen Injector,Injectable Product,semaglutide,0.25 MG, 0.5 MG Dose 1.5 ML semaglutide 1.34 MG/ML Pen Injector [Ozempic],1 MG Dose 1.5 ML semaglutide 1.34 MG/ML Pen Injector [Ozempic],3 ML semaglutide 1.34 MG/ML Pen Injector [Ozempic],3 ML semaglutide 2.68 MG/ML Pen Injector [Ozempic],0.25 MG, 0.5 MG Dose 3 ML semaglutide 0.68 MG/ML Pen Injector [Ozempic],semaglutide 1.34 MG/ML [Ozempic],semaglutide 2.68 MG/ML [Ozempic],semaglutide 0.68 MG/ML [Ozempic],semaglutide Pen Injector [Ozempic],Ozempic Injectable Product,0.25 MG, 0.5 MG Dose 1.5 ML semaglutide 1.34 MG/ML Pen Injector,1 MG Dose 1.5 ML semaglutide 1.34 MG/ML Pen Injector,3 ML semaglutide 1.34 MG/ML Pen Injector,3 ML semaglutide 2.68 MG/ML Pen Injector,0.25 MG, 0.5 MG Dose 3 ML semaglutide 0.68 MG/ML Pen Injector,semaglutide 1.34 MG/ML,semaglutide 2.68 MG/ML,semaglutide 0.68 MG/ML,semaglutide Pen Injector,semaglutide Injectable Product",>=min,TRUE,9.5-10.0
ADLYXIN,14.577217102050781,Adlyxin,"Adlyxin,{1 (3 ML lixisenatide 0.05 MG/ML Pen Injector [Adlyxin]) / 1 (3 ML lixisenatide 0.1 MG/ML Pen Injector [Adlyxin]) } Pack [Adlyxin Starter Kit],Pen Injector,Injectable Product,{1 (3 ML lixisenatide 0.05 MG/ML Pen Injector) / 1 (3 ML lixisenatide 0.1 MG/ML Pen Injector) } Pack,lixisenatide,3 ML lixisenatide 0.05 MG/ML Pen Injector [Adlyxin],3 ML lixisenatide 0.1 MG/ML Pen Injector [Adlyxin],lixisenatide 0.05 MG/ML [Adlyxin],lixisenatide 0.1 MG/ML [Adlyxin],lixisenatide Pen Injector [Adlyxin],Adlyxin Injectable Product,3 ML lixisenatide 0.05 MG/ML Pen Injector,3 ML lixisenatide 0.1 MG/ML Pen Injector,lixisenatide 0.1 MG/ML,lixisenatide 0.05 MG/ML,lixisenatide Pen Injector,lixisenatide Injectable Product",>=min,TRUE,9.5-10.0
VICTOZA PEN-INJECTOR 18MG/3ML,25.450684542103772,3 ML liraglutide 6 MG/ML Pen Injector [Victoza],"Victoza,Pen Injector,Injectable Product,liraglutide,3 ML liraglutide 6 MG/ML Pen Injector [Victoza],liraglutide 6 MG/ML [Victoza],liraglutide Pen Injector [Victoza],Victoza Injectable Product,3 ML liraglutide 6 MG/ML Pen Injector,liraglutide 6 MG/ML,liraglutide Pen Injector,liraglutide Injectable Product",>=min,TRUE,9.5-10.0
OZEMPIC 0.5MG,12.046144485473633,Ozempic,"Ozempic,Pen Injector,Injectable Product,semaglutide,0.25 MG, 0.5 MG Dose 1.5 ML semaglutide 1.34 MG/ML Pen Injector [Ozempic],1 MG Dose 1.5 ML semaglutide 1.34 MG/ML Pen Injector [Ozempic],3 ML semaglutide 1.34 MG/ML Pen Injector [Ozempic],3 ML semaglutide 2.68 MG/ML Pen Injector [Ozempic],0.25 MG, 0.5 MG Dose 3 ML semaglutide 0.68 MG/ML Pen Injector [Ozempic],semaglutide 1.34 MG/ML [Ozempic],semaglutide 2.68 MG/ML [Ozempic],semaglutide 0.68 MG/ML [Ozempic],semaglutide Pen Injector [Ozempic],Ozempic Injectable Product,0.25 MG, 0.5 MG Dose 1.5 ML semaglutide 1.34 MG/ML Pen Injector,1 MG Dose 1.5 ML semaglutide 1.34 MG/ML Pen Injector,3 ML semaglutide 1.34 MG/ML Pen Injector,3 ML semaglutide 2.68 MG/ML Pen Injector,0.25 MG, 0.5 MG Dose 3 ML semaglutide 0.68 MG/ML Pen Injector,semaglutide 1.34 MG/ML,semaglutide 2.68 MG/ML,semaglutide 0.68 MG/ML,semaglutide Pen Injector,semaglutide Injectable Product",>=min,TRUE,9.5-10.0
LIRAGLUTIDE (SAXENDA),18.347554955482483,liraglutide Pen Injector [Saxenda],"Saxenda,Pen Injector,Injectable Product,liraglutide,3 ML liraglutide 6 MG/ML Pen Injector [Saxenda],liraglutide 6 MG/ML [Saxenda],liraglutide Pen Injector [Saxenda],Saxenda Injectable Product,3 ML liraglutide 6 MG/ML Pen Injector,liraglutide 6 MG/ML,liraglutide Pen Injector,liraglutide Injectable Product",>=min,TRUE,9.5-10.0
TRULICITY 1.5 MG/0.5ML SOLUTION PEN-INJECTOR,16.981456756591797,0.5 ML dulaglutide 3 MG/ML Auto-Injector [Trulicity],"Trulicity,Auto-Injector,Injectable Product,dulaglutide,0.5 ML dulaglutide 3 MG/ML Auto-Injector [Trulicity],dulaglutide 3 MG/ML [Trulicity],dulaglutide Auto-Injector [Trulicity],Trulicity Injectable Product,0.5 ML dulaglutide 3 MG/ML Auto-Injector,dulaglutide 3 MG/ML,dulaglutide Auto-Injector,dulaglutide Injectable Product",>=min,TRUE,9.5-10.0
TRULICITY 0.75MG/0.5 ML,14.733188344955446,0.5 ML dulaglutide 1.5 MG/ML Auto-Injector [Trulicity],"Trulicity,Auto-Injector,Injectable Product,dulaglutide,0.5 ML dulaglutide 1.5 MG/ML Auto-Injector [Trulicity],dulaglutide 1.5 MG/ML [Trulicity],dulaglutide Auto-Injector [Trulicity],Trulicity Injectable Product,0.5 ML dulaglutide 1.5 MG/ML Auto-Injector,dulaglutide 1.5 MG/ML,dulaglutide Auto-Injector,dulaglutide Injectable Product",>=min,TRUE,9.5-10.0
VICTOZA 6MG/ML SOLUTION FOR INJECTION IN ONE,14.113451957702637,3 ML liraglutide 6 MG/ML Pen Injector [Victoza],"Victoza,Pen Injector,Injectable Product,liraglutide,3 ML liraglutide 6 MG/ML Pen Injector [Victoza],liraglutide 6 MG/ML [Victoza],liraglutide Pen Injector [Victoza],Victoza Injectable Product,3 ML liraglutide 6 MG/ML Pen Injector,liraglutide 6 MG/ML,liraglutide Pen Injector,liraglutide Injectable Product",>=min,TRUE,9.5-10.0
LEVOCARNITINE\SEMAGLUTIDE,12.885526657104492,semaglutide,semaglutide,>=min,TRUE,9.5-10.0
SEMAGLUTID,12.885526657104492,semaglutide,semaglutide,>=min,TRUE,9.5-10.0
MOUNJARO INJ 12.5/0.5,14.673758412825824,0.5 ML tirzepatide 25 MG/ML Injection [Mounjaro],"Mounjaro,Injection,Injectable Product,tirzepatide,0.5 ML tirzepatide 25 MG/ML Injection [Mounjaro],tirzepatide 25 MG/ML [Mounjaro],tirzepatide Injection [Mounjaro],Mounjaro Injectable Product,0.5 ML tirzepatide 25 MG/ML Injection,tirzepatide 25 MG/ML,tirzepatide Injection,tirzepatide Injectable Product",>=min,TRUE,9.5-10.0
OZEMPIC INJ,14.501349747657777,Ozempic Injectable Product,"Ozempic,Pen Injector,Injectable Product,semaglutide,0.25 MG, 0.5 MG Dose 1.5 ML semaglutide 1.34 MG/ML Pen Injector [Ozempic],1 MG Dose 1.5 ML semaglutide 1.34 MG/ML Pen Injector [Ozempic],3 ML semaglutide 1.34 MG/ML Pen Injector [Ozempic],3 ML semaglutide 2.68 MG/ML Pen Injector [Ozempic],0.25 MG, 0.5 MG Dose 3 ML semaglutide 0.68 MG/ML Pen Injector [Ozempic],semaglutide 1.34 MG/ML [Ozempic],semaglutide 2.68 MG/ML [Ozempic],semaglutide 0.68 MG/ML [Ozempic],semaglutide Pen Injector [Ozempic],Ozempic Injectable Product,0.25 MG, 0.5 MG Dose 1.5 ML semaglutide 1.34 MG/ML Pen Injector,1 MG Dose 1.5 ML semaglutide 1.34 MG/ML Pen Injector,3 ML semaglutide 1.34 MG/ML Pen Injector,3 ML semaglutide 2.68 MG/ML Pen Injector,0.25 MG, 0.5 MG Dose 3 ML semaglutide 0.68 MG/ML Pen Injector,semaglutide 1.34 MG/ML,semaglutide 2.68 MG/ML,semaglutide 0.68 MG/ML,semaglutide Pen Injector,semaglutide Injectable Product",>=min,TRUE,9.5-10.0
OZEMPIC 0.5 MG INJEKTIONSL?SUNG FERTIGPEN,12.046144485473633,Ozempic,"Ozempic,Pen Injector,Injectable Product,semaglutide,0.25 MG, 0.5 MG Dose 1.5 ML semaglutide 1.34 MG/ML Pen Injector [Ozempic],1 MG Dose 1.5 ML semaglutide 1.34 MG/ML Pen Injector [Ozempic],3 ML semaglutide 1.34 MG/ML Pen Injector [Ozempic],3 ML semaglutide 2.68 MG/ML Pen Injector [Ozempic],0.25 MG, 0.5 MG Dose 3 ML semaglutide 0.68 MG/ML Pen Injector [Ozempic],semaglutide 1.34 MG/ML [Ozempic],semaglutide 2.68 MG/ML [Ozempic],semaglutide 0.68 MG/ML [Ozempic],semaglutide Pen Injector [Ozempic],Ozempic Injectable Product,0.25 MG, 0.5 MG Dose 1.5 ML semaglutide 1.34 MG/ML Pen Injector,1 MG Dose 1.5 ML semaglutide 1.34 MG/ML Pen Injector,3 ML semaglutide 1.34 MG/ML Pen Injector,3 ML semaglutide 2.68 MG/ML Pen Injector,0.25 MG, 0.5 MG Dose 3 ML semaglutide 0.68 MG/ML Pen Injector,semaglutide 1.34 MG/ML,semaglutide 2.68 MG/ML,semaglutide 0.68 MG/ML,semaglutide Pen Injector,semaglutide Injectable Product",>=min,TRUE,9.5-10.0
OZEMPIC 5 UNITS PER WEEK,12.046144485473633,Ozempic,"Ozempic,Pen Injector,Injectable Product,semaglutide,0.25 MG, 0.5 MG Dose 1.5 ML semaglutide 1.34 MG/ML Pen Injector [Ozempic],1 MG Dose 1.5 ML semaglutide 1.34 MG/ML Pen Injector [Ozempic],3 ML semaglutide 1.34 MG/ML Pen Injector [Ozempic],3 ML semaglutide 2.68 MG/ML Pen Injector [Ozempic],0.25 MG, 0.5 MG Dose 3 ML semaglutide 0.68 MG/ML Pen Injector [Ozempic],semaglutide 1.34 MG/ML [Ozempic],semaglutide 2.68 MG/ML [Ozempic],semaglutide 0.68 MG/ML [Ozempic],semaglutide Pen Injector [Ozempic],Ozempic Injectable Product,0.25 MG, 0.5 MG Dose 1.5 ML semaglutide 1.34 MG/ML Pen Injector,1 MG Dose 1.5 ML semaglutide 1.34 MG/ML Pen Injector,3 ML semaglutide 1.34 MG/ML Pen Injector,3 ML semaglutide 2.68 MG/ML Pen Injector,0.25 MG, 0.5 MG Dose 3 ML semaglutide 0.68 MG/ML Pen Injector,semaglutide 1.34 MG/ML,semaglutide 2.68 MG/ML,semaglutide 0.68 MG/ML,semaglutide Pen Injector,semaglutide Injectable Product",>=min,TRUE,9.5-10.0
TRULICITY 1.5 MG/0.5 ML PNIJ INJECTION,14.662179946899414,0.5 ML dulaglutide 3 MG/ML Auto-Injector [Trulicity],"Trulicity,Auto-Injector,Injectable Product,dulaglutide,0.5 ML dulaglutide 3 MG/ML Auto-Injector [Trulicity],dulaglutide 3 MG/ML [Trulicity],dulaglutide Auto-Injector [Trulicity],Trulicity Injectable Product,0.5 ML dulaglutide 3 MG/ML Auto-Injector,dulaglutide 3 MG/ML,dulaglutide Auto-Injector,dulaglutide Injectable Product",>=min,TRUE,9.5-10.0
"INSULIN GLARGINE, LIXISENATIDE",21.091108322143555,insulin glargine / lixisenatide,"Soliqua,Pen Injector,Injectable Product,lixisenatide,insulin glargine,insulin glargine / lixisenatide,3 ML insulin glargine 100 UNT/ML / lixisenatide 0.033 MG/ML Pen Injector [Soliqua],insulin glargine 100 UNT/ML / lixisenatide 0.033 MG/ML [Soliqua],insulin glargine / lixisenatide Pen Injector [Soliqua],Soliqua Injectable Product,3 ML insulin glargine 100 UNT/ML / lixisenatide 0.033 MG/ML Pen Injector,lixisenatide 0.033 MG/ML,insulin glargine 100 UNT/ML,insulin glargine / lixisenatide Pen Injector,insulin glargine / lixisenatide Injectable Product",>=min,TRUE,9.5-10.0
VICTOZA 18 MG/3 ML,15.27561696378589,3 ML liraglutide 6 MG/ML Pen Injector [Victoza],"Victoza,Pen Injector,Injectable Product,liraglutide,3 ML liraglutide 6 MG/ML Pen Injector [Victoza],liraglutide 6 MG/ML [Victoza],liraglutide Pen Injector [Victoza],Victoza Injectable Product,3 ML liraglutide 6 MG/ML Pen Injector,liraglutide 6 MG/ML,liraglutide Pen Injector,liraglutide Injectable Product",>=min,TRUE,9.5-10.0
VICTOZA 6MG/ML INJEKTIONSL?SUNG IN EINEM FERTIGPEN,14.041428565979004,liraglutide 6 MG/ML [Victoza],"Victoza,Pen Injector,Injectable Product,liraglutide,3 ML liraglutide 6 MG/ML Pen Injector [Victoza],liraglutide 6 MG/ML [Victoza],liraglutide Pen Injector [Victoza],Victoza Injectable Product,3 ML liraglutide 6 MG/ML Pen Injector,liraglutide 6 MG/ML,liraglutide Pen Injector,liraglutide Injectable Product",>=min,TRUE,9.5-10.0
TRULICITY (DULAGLUTIDE) .75 MG,15.863327026367188,dulaglutide Auto-Injector [Trulicity],"Trulicity,Auto-Injector,Injectable Product,dulaglutide,0.5 ML dulaglutide 1.5 MG/ML Auto-Injector [Trulicity],0.5 ML dulaglutide 3 MG/ML Auto-Injector [Trulicity],0.5 ML dulaglutide 6 MG/ML Auto-Injector [Trulicity],0.5 ML dulaglutide 9 MG/ML Auto-Injector [Trulicity],dulaglutide 1.5 MG/ML [Trulicity],dulaglutide 3 MG/ML [Trulicity],dulaglutide 6 MG/ML [Trulicity],dulaglutide 9 MG/ML [Trulicity],dulaglutide Auto-Injector [Trulicity],Trulicity Injectable Product,0.5 ML dulaglutide 1.5 MG/ML Auto-Injector,0.5 ML dulaglutide 3 MG/ML Auto-Injector,0.5 ML dulaglutide 6 MG/ML Auto-Injector,0.5 ML dulaglutide 9 MG/ML Auto-Injector,dulaglutide 1.5 MG/ML,dulaglutide 3 MG/ML,dulaglutide 6 MG/ML,dulaglutide 9 MG/ML,dulaglutide Auto-Injector,dulaglutide Injectable Product",>=min,TRUE,9.5-10.0
LIRAGLUTIDE INJVLST 6MG/ML / VICTOZA INJVLST 6MG/ML WWSP 3ML,22.160945892333984,liraglutide 6 MG/ML [Victoza],"Victoza,Pen Injector,Injectable Product,liraglutide,3 ML liraglutide 6 MG/ML Pen Injector [Victoza],liraglutide 6 MG/ML [Victoza],liraglutide Pen Injector [Victoza],Victoza Injectable Product,3 ML liraglutide 6 MG/ML Pen Injector,liraglutide 6 MG/ML,liraglutide Pen Injector,liraglutide Injectable Product",>=min,TRUE,9.5-10.0
BYDUREON BC,14.322449684143066,Bydureon,"Bydureon,Auto-Injector,Injection,Injectable Product,exenatide,exenatide 2 MG Injection [Bydureon],0.85 ML exenatide 2.35 MG/ML Auto-Injector [Bydureon],exenatide 2 MG [Bydureon],exenatide 2.35 MG/ML [Bydureon],exenatide Injection [Bydureon],exenatide Auto-Injector [Bydureon],Bydureon Injectable Product,exenatide 2 MG Injection,0.85 ML exenatide 2.35 MG/ML Auto-Injector,exenatide 2 MG,exenatide 2.35 MG/ML,exenatide Injection,exenatide Auto-Injector,exenatide Injectable Product",>=min,TRUE,9.5-10.0
VICTOZA (LIRAGLUTIDE [GENETICAL RECOMBINATION]),20.25656509399414,liraglutide,liraglutide,>=min,TRUE,9.5-10.0
DULAGLUTIDE 0.75 MG/0.5 ML,14.980694770812988,0.5 ML dulaglutide 1.5 MG/ML Auto-Injector,"Trulicity,Auto-Injector,Injectable Product,dulaglutide,0.5 ML dulaglutide 1.5 MG/ML Auto-Injector [Trulicity],dulaglutide 1.5 MG/ML [Trulicity],dulaglutide Auto-Injector [Trulicity],Trulicity Injectable Product,0.5 ML dulaglutide 1.5 MG/ML Auto-Injector,dulaglutide 1.5 MG/ML,dulaglutide Auto-Injector,dulaglutide Injectable Product",>=min,TRUE,9.5-10.0
TRULICITY 0.75 MG Q7 DAYS,12.28657062149048,0.5 ML dulaglutide 1.5 MG/ML Auto-Injector [Trulicity],"Trulicity,Auto-Injector,Injectable Product,dulaglutide,0.5 ML dulaglutide 1.5 MG/ML Auto-Injector [Trulicity],dulaglutide 1.5 MG/ML [Trulicity],dulaglutide Auto-Injector [Trulicity],Trulicity Injectable Product,0.5 ML dulaglutide 1.5 MG/ML Auto-Injector,dulaglutide 1.5 MG/ML,dulaglutide Auto-Injector,dulaglutide Injectable Product",>=min,TRUE,9.5-10.0
INSULINE DEGLUDEC/LIRAGLUTIDE INJVL/ XULTOPHY,24.387706756591797,insulin degludec / liraglutide Pen Injector [Xultophy],"Xultophy,Pen Injector,Injectable Product,insulin degludec,liraglutide,insulin degludec / liraglutide,3 ML insulin degludec 100 UNT/ML / liraglutide 3.6 MG/ML Pen Injector [Xultophy],insulin degludec 100 UNT/ML / liraglutide 3.6 MG/ML [Xultophy],insulin degludec / liraglutide Pen Injector [Xultophy],Xultophy Injectable Product,3 ML insulin degludec 100 UNT/ML / liraglutide 3.6 MG/ML Pen Injector,insulin degludec 100 UNT/ML,liraglutide 3.6 MG/ML,insulin degludec / liraglutide Pen Injector,insulin degludec / liraglutide Injectable Product",>=min,TRUE,9.5-10.0
SOLIQUA SC,15.077795028686523,Soliqua,"Soliqua,Pen Injector,Injectable Product,lixisenatide,insulin glargine,insulin glargine / lixisenatide,3 ML insulin glargine 100 UNT/ML / lixisenatide 0.033 MG/ML Pen Injector [Soliqua],insulin glargine 100 UNT/ML / lixisenatide 0.033 MG/ML [Soliqua],insulin glargine / lixisenatide Pen Injector [Soliqua],Soliqua Injectable Product,3 ML insulin glargine 100 UNT/ML / lixisenatide 0.033 MG/ML Pen Injector,lixisenatide 0.033 MG/ML,insulin glargine 100 UNT/ML,insulin glargine / lixisenatide Pen Injector,insulin glargine / lixisenatide Injectable Product",>=min,TRUE,9.5-10.0
DULAGLUTIDE (TRULICITY) 1.5 MG/0.5 ML PEN INJECTOR,19.989788055419922,0.5 ML dulaglutide 1.5 MG/ML Auto-Injector [Trulicity],"Trulicity,Auto-Injector,Injectable Product,dulaglutide,0.5 ML dulaglutide 1.5 MG/ML Auto-Injector [Trulicity],dulaglutide 1.5 MG/ML [Trulicity],dulaglutide Auto-Injector [Trulicity],Trulicity Injectable Product,0.5 ML dulaglutide 1.5 MG/ML Auto-Injector,dulaglutide 1.5 MG/ML,dulaglutide Auto-Injector,dulaglutide Injectable Product",>=min,TRUE,9.5-10.0
TRULICITY SUBCUTANEOUS INJECTION,14.498417854309082,Trulicity Injectable Product,"Trulicity,Auto-Injector,Injectable Product,dulaglutide,0.5 ML dulaglutide 1.5 MG/ML Auto-Injector [Trulicity],0.5 ML dulaglutide 3 MG/ML Auto-Injector [Trulicity],0.5 ML dulaglutide 6 MG/ML Auto-Injector [Trulicity],0.5 ML dulaglutide 9 MG/ML Auto-Injector [Trulicity],dulaglutide 1.5 MG/ML [Trulicity],dulaglutide 3 MG/ML [Trulicity],dulaglutide 6 MG/ML [Trulicity],dulaglutide 9 MG/ML [Trulicity],dulaglutide Auto-Injector [Trulicity],Trulicity Injectable Product,0.5 ML dulaglutide 1.5 MG/ML Auto-Injector,0.5 ML dulaglutide 3 MG/ML Auto-Injector,0.5 ML dulaglutide 6 MG/ML Auto-Injector,0.5 ML dulaglutide 9 MG/ML Auto-Injector,dulaglutide 1.5 MG/ML,dulaglutide 3 MG/ML,dulaglutide 6 MG/ML,dulaglutide 9 MG/ML,dulaglutide Auto-Injector,dulaglutide Injectable Product",>=min,TRUE,9.5-10.0
INSULIN DEGLUDEC(GENETICAL RECOMBINATION)/LIRAGLUTIDE(GENETICAL REC...,26.426057815551758,liraglutide,liraglutide,>=min,TRUE,9.5-10.0
TRULICITY 0.75/0.5,13.730630478863242,0.5 ML dulaglutide 1.5 MG/ML Auto-Injector [Trulicity],"Trulicity,Auto-Injector,Injectable Product,dulaglutide,0.5 ML dulaglutide 1.5 MG/ML Auto-Injector [Trulicity],dulaglutide 1.5 MG/ML [Trulicity],dulaglutide Auto-Injector [Trulicity],Trulicity Injectable Product,0.5 ML dulaglutide 1.5 MG/ML Auto-Injector,dulaglutide 1.5 MG/ML,dulaglutide Auto-Injector,dulaglutide Injectable Product",>=min,TRUE,9.5-10.0
TRULICITY INJ,14.491168645381928,Trulicity Injectable Product,"Trulicity,Auto-Injector,Injectable Product,dulaglutide,0.5 ML dulaglutide 1.5 MG/ML Auto-Injector [Trulicity],0.5 ML dulaglutide 3 MG/ML Auto-Injector [Trulicity],0.5 ML dulaglutide 6 MG/ML Auto-Injector [Trulicity],0.5 ML dulaglutide 9 MG/ML Auto-Injector [Trulicity],dulaglutide 1.5 MG/ML [Trulicity],dulaglutide 3 MG/ML [Trulicity],dulaglutide 6 MG/ML [Trulicity],dulaglutide 9 MG/ML [Trulicity],dulaglutide Auto-Injector [Trulicity],Trulicity Injectable Product,0.5 ML dulaglutide 1.5 MG/ML Auto-Injector,0.5 ML dulaglutide 3 MG/ML Auto-Injector,0.5 ML dulaglutide 6 MG/ML Auto-Injector,0.5 ML dulaglutide 9 MG/ML Auto-Injector,dulaglutide 1.5 MG/ML,dulaglutide 3 MG/ML,dulaglutide 6 MG/ML,dulaglutide 9 MG/ML,dulaglutide Auto-Injector,dulaglutide Injectable Product",>=min,TRUE,9.5-10.0
LIRAGLUTIDE 18 MG/3ML,14.556120194126356,3 ML liraglutide 6 MG/ML Pen Injector,"Saxenda,Victoza,Pen Injector,Injectable Product,liraglutide,3 ML liraglutide 6 MG/ML Pen Injector [Saxenda],3 ML liraglutide 6 MG/ML Pen Injector [Victoza],liraglutide 6 MG/ML [Saxenda],liraglutide 6 MG/ML [Victoza],liraglutide Pen Injector [Victoza],liraglutide Pen Injector [Saxenda],Victoza Injectable Product,Saxenda Injectable Product,3 ML liraglutide 6 MG/ML Pen Injector,liraglutide 6 MG/ML,liraglutide Pen Injector,liraglutide Injectable Product",>=min,TRUE,9.5-10.0
TRULICITY SOP,14.034219741821289,Trulicity,"Trulicity,Auto-Injector,Injectable Product,dulaglutide,0.5 ML dulaglutide 1.5 MG/ML Auto-Injector [Trulicity],0.5 ML dulaglutide 3 MG/ML Auto-Injector [Trulicity],0.5 ML dulaglutide 6 MG/ML Auto-Injector [Trulicity],0.5 ML dulaglutide 9 MG/ML Auto-Injector [Trulicity],dulaglutide 1.5 MG/ML [Trulicity],dulaglutide 3 MG/ML [Trulicity],dulaglutide 6 MG/ML [Trulicity],dulaglutide 9 MG/ML [Trulicity],dulaglutide Auto-Injector [Trulicity],Trulicity Injectable Product,0.5 ML dulaglutide 1.5 MG/ML Auto-Injector,0.5 ML dulaglutide 3 MG/ML Auto-Injector,0.5 ML dulaglutide 6 MG/ML Auto-Injector,0.5 ML dulaglutide 9 MG/ML Auto-Injector,dulaglutide 1.5 MG/ML,dulaglutide 3 MG/ML,dulaglutide 6 MG/ML,dulaglutide 9 MG/ML,dulaglutide Auto-Injector,dulaglutide Injectable Product",>=min,TRUE,9.5-10.0
BLINDED ORAL SEMAGLUTIDE,12.885526657104492,semaglutide,semaglutide,>=min,TRUE,9.5-10.0
LIRAGLUTIDE INJECTION,14.019425493717195,liraglutide Injectable Product,"Saxenda,Victoza,Pen Injector,Injectable Product,liraglutide,3 ML liraglutide 6 MG/ML Pen Injector [Saxenda],3 ML liraglutide 6 MG/ML Pen Injector [Victoza],liraglutide 6 MG/ML [Saxenda],liraglutide 6 MG/ML [Victoza],liraglutide Pen Injector [Victoza],liraglutide Pen Injector [Saxenda],Victoza Injectable Product,Saxenda Injectable Product,3 ML liraglutide 6 MG/ML Pen Injector,liraglutide 6 MG/ML,liraglutide Pen Injector,liraglutide Injectable Product",>=min,TRUE,9.5-10.0
SEMAGLUTIDE B 3.0 MG/ML PDS290,12.49600601196289,semaglutide 3 MG,"Rybelsus,Oral Tablet,Oral Product,Pill,semaglutide,semaglutide 3 MG Oral Tablet [Rybelsus],semaglutide 3 MG [Rybelsus],semaglutide Oral Tablet [Rybelsus],Rybelsus Oral Product,Rybelsus Pill,semaglutide 3 MG Oral Tablet,semaglutide 3 MG,semaglutide Oral Tablet,semaglutide Oral Product,semaglutide Pill",>=min,TRUE,9.5-10.0
BYDUREON 2 MG SQ WEEKLY,12.780034065246582,exenatide 2 MG Injection [Bydureon],"Bydureon,Injection,Injectable Product,exenatide,exenatide 2 MG Injection [Bydureon],exenatide 2 MG [Bydureon],exenatide Injection [Bydureon],Bydureon Injectable Product,exenatide 2 MG Injection,exenatide 2 MG,exenatide Injection,exenatide Injectable Product",>=min,TRUE,9.5-10.0
BLINDED SEMAGLUTIDE,12.885526657104492,semaglutide,semaglutide,>=min,TRUE,9.5-10.0
SEMAGLUTIDE 0.25 MG SQ WEEKLY,11.426731311270476,0.5 ML semaglutide 0.5 MG/ML Auto-Injector,"Wegovy,Auto-Injector,Injectable Product,semaglutide,0.5 ML semaglutide 0.5 MG/ML Auto-Injector [Wegovy],semaglutide 0.5 MG/ML [Wegovy],semaglutide Auto-Injector [Wegovy],Wegovy Injectable Product,0.5 ML semaglutide 0.5 MG/ML Auto-Injector,semaglutide 0.5 MG/ML,semaglutide Auto-Injector,semaglutide Injectable Product",>=min,TRUE,9.5-10.0
"SEMAGLUTIDE (SEMAGLUTIDE 0.5MG/0.375ML INJ, SOLN, PEN 1.5ML",23.799306869506836,"0.25 MG, 0.5 MG Dose 1.5 ML semaglutide 1.34 MG/ML Pen Injector","Ozempic,Pen Injector,Injectable Product,semaglutide,0.25 MG, 0.5 MG Dose 1.5 ML semaglutide 1.34 MG/ML Pen Injector [Ozempic],semaglutide 1.34 MG/ML [Ozempic],semaglutide Pen Injector [Ozempic],Ozempic Injectable Product,0.25 MG, 0.5 MG Dose 1.5 ML semaglutide 1.34 MG/ML Pen Injector,semaglutide 1.34 MG/ML,semaglutide Pen Injector,semaglutide Injectable Product",>=min,TRUE,9.5-10.0
TRULICITY 3.0,12.034219741821289,Trulicity,"Trulicity,Auto-Injector,Injectable Product,dulaglutide,0.5 ML dulaglutide 1.5 MG/ML Auto-Injector [Trulicity],0.5 ML dulaglutide 3 MG/ML Auto-Injector [Trulicity],0.5 ML dulaglutide 6 MG/ML Auto-Injector [Trulicity],0.5 ML dulaglutide 9 MG/ML Auto-Injector [Trulicity],dulaglutide 1.5 MG/ML [Trulicity],dulaglutide 3 MG/ML [Trulicity],dulaglutide 6 MG/ML [Trulicity],dulaglutide 9 MG/ML [Trulicity],dulaglutide Auto-Injector [Trulicity],Trulicity Injectable Product,0.5 ML dulaglutide 1.5 MG/ML Auto-Injector,0.5 ML dulaglutide 3 MG/ML Auto-Injector,0.5 ML dulaglutide 6 MG/ML Auto-Injector,0.5 ML dulaglutide 9 MG/ML Auto-Injector,dulaglutide 1.5 MG/ML,dulaglutide 3 MG/ML,dulaglutide 6 MG/ML,dulaglutide 9 MG/ML,dulaglutide Auto-Injector,dulaglutide Injectable Product",>=min,TRUE,9.5-10.0
RYBELSUS 3 MG TABLET,13.895469665527344,semaglutide 3 MG Oral Tablet [Rybelsus],"Rybelsus,Oral Tablet,Oral Product,Pill,semaglutide,semaglutide 3 MG Oral Tablet [Rybelsus],semaglutide 3 MG [Rybelsus],semaglutide Oral Tablet [Rybelsus],Rybelsus Oral Product,Rybelsus Pill,semaglutide 3 MG Oral Tablet,semaglutide 3 MG,semaglutide Oral Tablet,semaglutide Oral Product,semaglutide Pill",>=min,TRUE,9.5-10.0
MOUNJARO 10,11.476278305053711,Mounjaro,"Mounjaro,Auto-Injector,Injection,Injectable Product,tirzepatide,0.5 ML tirzepatide 10 MG/ML Auto-Injector [Mounjaro],0.5 ML tirzepatide 30 MG/ML Auto-Injector [Mounjaro],0.5 ML tirzepatide 5 MG/ML Auto-Injector [Mounjaro],0.5 ML tirzepatide 20 MG/ML Auto-Injector [Mounjaro],0.5 ML tirzepatide 25 MG/ML Auto-Injector [Mounjaro],0.5 ML tirzepatide 15 MG/ML Auto-Injector [Mounjaro],0.5 ML tirzepatide 15 MG/ML Injection [Mounjaro],0.5 ML tirzepatide 10 MG/ML Injection [Mounjaro],0.5 ML tirzepatide 5 MG/ML Injection [Mounjaro],0.5 ML tirzepatide 30 MG/ML Injection [Mounjaro],0.5 ML tirzepatide 25 MG/ML Injection [Mounjaro],0.5 ML tirzepatide 20 MG/ML Injection [Mounjaro],tirzepatide 10 MG/ML [Mounjaro],tirzepatide 30 MG/ML [Mounjaro],tirzepatide 5 MG/ML [Mounjaro],tirzepatide 20 MG/ML [Mounjaro],tirzepatide 25 MG/ML [Mounjaro],tirzepatide 15 MG/ML [Mounjaro],tirzepatide Auto-Injector [Mounjaro],tirzepatide Injection [Mounjaro],Mounjaro Injectable Product,0.5 ML tirzepatide 10 MG/ML Auto-Injector,0.5 ML tirzepatide 30 MG/ML Auto-Injector,0.5 ML tirzepatide 5 MG/ML Auto-Injector,0.5 ML tirzepatide 20 MG/ML Auto-Injector,0.5 ML tirzepatide 25 MG/ML Auto-Injector,0.5 ML tirzepatide 15 MG/ML Auto-Injector,0.5 ML tirzepatide 15 MG/ML Injection,0.5 ML tirzepatide 10 MG/ML Injection,0.5 ML tirzepatide 5 MG/ML Injection,0.5 ML tirzepatide 30 MG/ML Injection,0.5 ML tirzepatide 25 MG/ML Injection,0.5 ML tirzepatide 20 MG/ML Injection,tirzepatide 10 MG/ML,tirzepatide 30 MG/ML,tirzepatide 5 MG/ML,tirzepatide 20 MG/ML,tirzepatide 25 MG/ML,tirzepatide 15 MG/ML,tirzepatide Auto-Injector,tirzepatide Injection,tirzepatide Injectable Product",>=min,TRUE,9.5-10.0
TRULICITY 0.75MG/0.5ML,14.73614924512768,0.5 ML dulaglutide 1.5 MG/ML Auto-Injector [Trulicity],"Trulicity,Auto-Injector,Injectable Product,dulaglutide,0.5 ML dulaglutide 1.5 MG/ML Auto-Injector [Trulicity],dulaglutide 1.5 MG/ML [Trulicity],dulaglutide Auto-Injector [Trulicity],Trulicity Injectable Product,0.5 ML dulaglutide 1.5 MG/ML Auto-Injector,dulaglutide 1.5 MG/ML,dulaglutide Auto-Injector,dulaglutide Injectable Product",>=min,TRUE,9.5-10.0
"OZEMPIC 0,25 MG",12.046144485473633,Ozempic,"Ozempic,Pen Injector,Injectable Product,semaglutide,0.25 MG, 0.5 MG Dose 1.5 ML semaglutide 1.34 MG/ML Pen Injector [Ozempic],1 MG Dose 1.5 ML semaglutide 1.34 MG/ML Pen Injector [Ozempic],3 ML semaglutide 1.34 MG/ML Pen Injector [Ozempic],3 ML semaglutide 2.68 MG/ML Pen Injector [Ozempic],0.25 MG, 0.5 MG Dose 3 ML semaglutide 0.68 MG/ML Pen Injector [Ozempic],semaglutide 1.34 MG/ML [Ozempic],semaglutide 2.68 MG/ML [Ozempic],semaglutide 0.68 MG/ML [Ozempic],semaglutide Pen Injector [Ozempic],Ozempic Injectable Product,0.25 MG, 0.5 MG Dose 1.5 ML semaglutide 1.34 MG/ML Pen Injector,1 MG Dose 1.5 ML semaglutide 1.34 MG/ML Pen Injector,3 ML semaglutide 1.34 MG/ML Pen Injector,3 ML semaglutide 2.68 MG/ML Pen Injector,0.25 MG, 0.5 MG Dose 3 ML semaglutide 0.68 MG/ML Pen Injector,semaglutide 1.34 MG/ML,semaglutide 2.68 MG/ML,semaglutide 0.68 MG/ML,semaglutide Pen Injector,semaglutide Injectable Product",>=min,TRUE,9.5-10.0
VICTOZA 2 PAK,12.718400955200195,Victoza,"Victoza,Pen Injector,Injectable Product,liraglutide,3 ML liraglutide 6 MG/ML Pen Injector [Victoza],liraglutide 6 MG/ML [Victoza],liraglutide Pen Injector [Victoza],Victoza Injectable Product,3 ML liraglutide 6 MG/ML Pen Injector,liraglutide 6 MG/ML,liraglutide Pen Injector,liraglutide Injectable Product",>=min,TRUE,9.5-10.0
"VICTOZA 6 MG/ML, SOLUTION FOR INJECTION IN PRE?FILLED PEN",20.245946884155273,3 ML liraglutide 6 MG/ML Pen Injector [Victoza],"Victoza,Pen Injector,Injectable Product,liraglutide,3 ML liraglutide 6 MG/ML Pen Injector [Victoza],liraglutide 6 MG/ML [Victoza],liraglutide Pen Injector [Victoza],Victoza Injectable Product,3 ML liraglutide 6 MG/ML Pen Injector,liraglutide 6 MG/ML,liraglutide Pen Injector,liraglutide Injectable Product",>=min,TRUE,9.5-10.0
"ALBIGLUTIDE (ALBIGLUTIDE 50MG/0.5ML INJ, SOLN, PEN, 0.5ML )",25.180526733398438,0.5 ML albiglutide 100 MG/ML Pen Injector,"Tanzeum,Pen Injector,Injectable Product,albiglutide,0.5 ML albiglutide 100 MG/ML Pen Injector [Tanzeum],albiglutide 100 MG/ML [Tanzeum],albiglutide Pen Injector [Tanzeum],Tanzeum Injectable Product,0.5 ML albiglutide 100 MG/ML Pen Injector,albiglutide 100 MG/ML,albiglutide Pen Injector,albiglutide Injectable Product",>=min,TRUE,9.5-10.0
SOLIQUA 100/33MCG PEN,15.206366119295414,3 ML insulin glargine 100 UNT/ML / lixisenatide 0.033 MG/ML Pen Injector [Soliqua],"Soliqua,Pen Injector,Injectable Product,lixisenatide,insulin glargine,insulin glargine / lixisenatide,3 ML insulin glargine 100 UNT/ML / lixisenatide 0.033 MG/ML Pen Injector [Soliqua],insulin glargine 100 UNT/ML / lixisenatide 0.033 MG/ML [Soliqua],insulin glargine / lixisenatide Pen Injector [Soliqua],Soliqua Injectable Product,3 ML insulin glargine 100 UNT/ML / lixisenatide 0.033 MG/ML Pen Injector,lixisenatide 0.033 MG/ML,insulin glargine 100 UNT/ML,insulin glargine / lixisenatide Pen Injector,insulin glargine / lixisenatide Injectable Product",>=min,TRUE,9.5-10.0
OZEMPIC PROPRANOLOL,14.046144485473633,Ozempic,"Ozempic,Pen Injector,Injectable Product,semaglutide,0.25 MG, 0.5 MG Dose 1.5 ML semaglutide 1.34 MG/ML Pen Injector [Ozempic],1 MG Dose 1.5 ML semaglutide 1.34 MG/ML Pen Injector [Ozempic],3 ML semaglutide 1.34 MG/ML Pen Injector [Ozempic],3 ML semaglutide 2.68 MG/ML Pen Injector [Ozempic],0.25 MG, 0.5 MG Dose 3 ML semaglutide 0.68 MG/ML Pen Injector [Ozempic],semaglutide 1.34 MG/ML [Ozempic],semaglutide 2.68 MG/ML [Ozempic],semaglutide 0.68 MG/ML [Ozempic],semaglutide Pen Injector [Ozempic],Ozempic Injectable Product,0.25 MG, 0.5 MG Dose 1.5 ML semaglutide 1.34 MG/ML Pen Injector,1 MG Dose 1.5 ML semaglutide 1.34 MG/ML Pen Injector,3 ML semaglutide 1.34 MG/ML Pen Injector,3 ML semaglutide 2.68 MG/ML Pen Injector,0.25 MG, 0.5 MG Dose 3 ML semaglutide 0.68 MG/ML Pen Injector,semaglutide 1.34 MG/ML,semaglutide 2.68 MG/ML,semaglutide 0.68 MG/ML,semaglutide Pen Injector,semaglutide Injectable Product",>=min,TRUE,9.5-10.0
VICTOZA 1.8 MG SQ DAILY,12.718400955200195,Victoza,"Victoza,Pen Injector,Injectable Product,liraglutide,3 ML liraglutide 6 MG/ML Pen Injector [Victoza],liraglutide 6 MG/ML [Victoza],liraglutide Pen Injector [Victoza],Victoza Injectable Product,3 ML liraglutide 6 MG/ML Pen Injector,liraglutide 6 MG/ML,liraglutide Pen Injector,liraglutide Injectable Product",>=min,TRUE,9.5-10.0
XULTOPHY INJ,15.38209278011322,Xultophy Injectable Product,"Xultophy,Pen Injector,Injectable Product,insulin degludec,liraglutide,insulin degludec / liraglutide,3 ML insulin degludec 100 UNT/ML / liraglutide 3.6 MG/ML Pen Injector [Xultophy],insulin degludec 100 UNT/ML / liraglutide 3.6 MG/ML [Xultophy],insulin degludec / liraglutide Pen Injector [Xultophy],Xultophy Injectable Product,3 ML insulin degludec 100 UNT/ML / liraglutide 3.6 MG/ML Pen Injector,insulin degludec 100 UNT/ML,liraglutide 3.6 MG/ML,insulin degludec / liraglutide Pen Injector,insulin degludec / liraglutide Injectable Product",>=min,TRUE,9.5-10.0
WEGOVY FIXDOSE,14.01095962524414,Wegovy,"Wegovy,Auto-Injector,Injectable Product,semaglutide,0.5 ML semaglutide 0.5 MG/ML Auto-Injector [Wegovy],0.5 ML semaglutide 1 MG/ML Auto-Injector [Wegovy],0.5 ML semaglutide 2 MG/ML Auto-Injector [Wegovy],0.75 ML semaglutide 2.27 MG/ML Auto-Injector [Wegovy],0.75 ML semaglutide 3.2 MG/ML Auto-Injector [Wegovy],semaglutide 0.5 MG/ML [Wegovy],semaglutide 1 MG/ML [Wegovy],semaglutide 2 MG/ML [Wegovy],semaglutide 2.27 MG/ML [Wegovy],semaglutide 3.2 MG/ML [Wegovy],semaglutide Auto-Injector [Wegovy],Wegovy Injectable Product,0.5 ML semaglutide 0.5 MG/ML Auto-Injector,0.5 ML semaglutide 1 MG/ML Auto-Injector,0.5 ML semaglutide 2 MG/ML Auto-Injector,0.75 ML semaglutide 2.27 MG/ML Auto-Injector,0.75 ML semaglutide 3.2 MG/ML Auto-Injector,semaglutide 0.5 MG/ML,semaglutide 1 MG/ML,semaglutide 2 MG/ML,semaglutide 2.27 MG/ML,semaglutide 3.2 MG/ML,semaglutide Auto-Injector,semaglutide Injectable Product",>=min,TRUE,9.5-10.0
TRULICITY 0.75 MG/0.5 ML PER INJECTION,16.685321531295777,0.5 ML dulaglutide 1.5 MG/ML Auto-Injector [Trulicity],"Trulicity,Auto-Injector,Injectable Product,dulaglutide,0.5 ML dulaglutide 1.5 MG/ML Auto-Injector [Trulicity],dulaglutide 1.5 MG/ML [Trulicity],dulaglutide Auto-Injector [Trulicity],Trulicity Injectable Product,0.5 ML dulaglutide 1.5 MG/ML Auto-Injector,dulaglutide 1.5 MG/ML,dulaglutide Auto-Injector,dulaglutide Injectable Product",>=min,TRUE,9.5-10.0
BLINDED EXENATIDE,13.48706055,exenatide,exenatide,>=min,TRUE,9.5-10.0
EXENATIDE LAR,13.48706055,exenatide,exenatide,>=min,TRUE,9.5-10.0
LIRAGLUTIDE 0.6MG (18MG/3ML),14.701952281842711,3 ML liraglutide 6 MG/ML Pen Injector,"Saxenda,Victoza,Pen Injector,Injectable Product,liraglutide,3 ML liraglutide 6 MG/ML Pen Injector [Saxenda],3 ML liraglutide 6 MG/ML Pen Injector [Victoza],liraglutide 6 MG/ML [Saxenda],liraglutide 6 MG/ML [Victoza],liraglutide Pen Injector [Victoza],liraglutide Pen Injector [Saxenda],Victoza Injectable Product,Saxenda Injectable Product,3 ML liraglutide 6 MG/ML Pen Injector,liraglutide 6 MG/ML,liraglutide Pen Injector,liraglutide Injectable Product",>=min,TRUE,9.5-10.0
LIRAGLUTIDE FLEX PEN,16.010761260986328,liraglutide Pen Injector,"Saxenda,Victoza,Pen Injector,Injectable Product,liraglutide,3 ML liraglutide 6 MG/ML Pen Injector [Saxenda],3 ML liraglutide 6 MG/ML Pen Injector [Victoza],liraglutide 6 MG/ML [Saxenda],liraglutide 6 MG/ML [Victoza],liraglutide Pen Injector [Victoza],liraglutide Pen Injector [Saxenda],Victoza Injectable Product,Saxenda Injectable Product,3 ML liraglutide 6 MG/ML Pen Injector,liraglutide 6 MG/ML,liraglutide Pen Injector,liraglutide Injectable Product",>=min,TRUE,9.5-10.0
SEMAGLUTIDE UNKNOWN,12.885526657104492,semaglutide,semaglutide,>=min,TRUE,9.5-10.0
VICTOZA (NON-ABBVIE),14.718400955200195,Victoza,"Victoza,Pen Injector,Injectable Product,liraglutide,3 ML liraglutide 6 MG/ML Pen Injector [Victoza],liraglutide 6 MG/ML [Victoza],liraglutide Pen Injector [Victoza],Victoza Injectable Product,3 ML liraglutide 6 MG/ML Pen Injector,liraglutide 6 MG/ML,liraglutide Pen Injector,liraglutide Injectable Product",>=min,TRUE,9.5-10.0
"LIRAGLUTIDE (LIRAGLUTIDE (VICTOZA) 6MG/ML INJ, SOLN, PEN, 3ML",26.38747215270996,3 ML liraglutide 6 MG/ML Pen Injector [Victoza],"Victoza,Pen Injector,Injectable Product,liraglutide,3 ML liraglutide 6 MG/ML Pen Injector [Victoza],liraglutide 6 MG/ML [Victoza],liraglutide Pen Injector [Victoza],Victoza Injectable Product,3 ML liraglutide 6 MG/ML Pen Injector,liraglutide 6 MG/ML,liraglutide Pen Injector,liraglutide Injectable Product",>=min,TRUE,9.5-10.0
"SEMAGLUTIDE (SEMAGLUTIDE 1MG/0.75ML INJ, SOLN, PEN, 1.5ML)",22.20483398,1 MG Dose 1.5 ML semaglutide 1.34 MG/ML Pen Injector,"Ozempic,Pen Injector,Injectable Product,semaglutide,1 MG Dose 1.5 ML semaglutide 1.34 MG/ML Pen Injector [Ozempic],semaglutide 1.34 MG/ML [Ozempic],semaglutide Pen Injector [Ozempic],Ozempic Injectable Product,1 MG Dose 1.5 ML semaglutide 1.34 MG/ML Pen Injector,semaglutide 1.34 MG/ML,semaglutide Pen Injector,semaglutide Injectable Product",>=min,TRUE,9.5-10.0
OZEMPIC 1MG INJECTION,12.508604049682617,Ozempic Injectable Product,"Ozempic,Pen Injector,Injectable Product,semaglutide,0.25 MG, 0.5 MG Dose 1.5 ML semaglutide 1.34 MG/ML Pen Injector [Ozempic],1 MG Dose 1.5 ML semaglutide 1.34 MG/ML Pen Injector [Ozempic],3 ML semaglutide 1.34 MG/ML Pen Injector [Ozempic],3 ML semaglutide 2.68 MG/ML Pen Injector [Ozempic],0.25 MG, 0.5 MG Dose 3 ML semaglutide 0.68 MG/ML Pen Injector [Ozempic],semaglutide 1.34 MG/ML [Ozempic],semaglutide 2.68 MG/ML [Ozempic],semaglutide 0.68 MG/ML [Ozempic],semaglutide Pen Injector [Ozempic],Ozempic Injectable Product,0.25 MG, 0.5 MG Dose 1.5 ML semaglutide 1.34 MG/ML Pen Injector,1 MG Dose 1.5 ML semaglutide 1.34 MG/ML Pen Injector,3 ML semaglutide 1.34 MG/ML Pen Injector,3 ML semaglutide 2.68 MG/ML Pen Injector,0.25 MG, 0.5 MG Dose 3 ML semaglutide 0.68 MG/ML Pen Injector,semaglutide 1.34 MG/ML,semaglutide 2.68 MG/ML,semaglutide 0.68 MG/ML,semaglutide Pen Injector,semaglutide Injectable Product",>=min,TRUE,9.5-10.0
EXENATIDE 10MG LILLY,11.48706055,exenatide,exenatide,>=min,TRUE,9.5-10.0
LIRAGLUTIDE (NN2211),11.481648445129395,liraglutide,liraglutide,>=min,TRUE,9.5-10.0
XULTOPHY 100/3.6,13.759193871290703,3 ML insulin degludec 100 UNT/ML / liraglutide 3.6 MG/ML Pen Injector [Xultophy],"Xultophy,Pen Injector,Injectable Product,insulin degludec,liraglutide,insulin degludec / liraglutide,3 ML insulin degludec 100 UNT/ML / liraglutide 3.6 MG/ML Pen Injector [Xultophy],insulin degludec 100 UNT/ML / liraglutide 3.6 MG/ML [Xultophy],insulin degludec / liraglutide Pen Injector [Xultophy],Xultophy Injectable Product,3 ML insulin degludec 100 UNT/ML / liraglutide 3.6 MG/ML Pen Injector,insulin degludec 100 UNT/ML,liraglutide 3.6 MG/ML,insulin degludec / liraglutide Pen Injector,insulin degludec / liraglutide Injectable Product",>=min,TRUE,9.5-10.0
METFORMIN + MOUNJARO,13.476278305053711,Mounjaro,"Mounjaro,Auto-Injector,Injection,Injectable Product,tirzepatide,0.5 ML tirzepatide 10 MG/ML Auto-Injector [Mounjaro],0.5 ML tirzepatide 30 MG/ML Auto-Injector [Mounjaro],0.5 ML tirzepatide 5 MG/ML Auto-Injector [Mounjaro],0.5 ML tirzepatide 20 MG/ML Auto-Injector [Mounjaro],0.5 ML tirzepatide 25 MG/ML Auto-Injector [Mounjaro],0.5 ML tirzepatide 15 MG/ML Auto-Injector [Mounjaro],0.5 ML tirzepatide 15 MG/ML Injection [Mounjaro],0.5 ML tirzepatide 10 MG/ML Injection [Mounjaro],0.5 ML tirzepatide 5 MG/ML Injection [Mounjaro],0.5 ML tirzepatide 30 MG/ML Injection [Mounjaro],0.5 ML tirzepatide 25 MG/ML Injection [Mounjaro],0.5 ML tirzepatide 20 MG/ML Injection [Mounjaro],tirzepatide 10 MG/ML [Mounjaro],tirzepatide 30 MG/ML [Mounjaro],tirzepatide 5 MG/ML [Mounjaro],tirzepatide 20 MG/ML [Mounjaro],tirzepatide 25 MG/ML [Mounjaro],tirzepatide 15 MG/ML [Mounjaro],tirzepatide Auto-Injector [Mounjaro],tirzepatide Injection [Mounjaro],Mounjaro Injectable Product,0.5 ML tirzepatide 10 MG/ML Auto-Injector,0.5 ML tirzepatide 30 MG/ML Auto-Injector,0.5 ML tirzepatide 5 MG/ML Auto-Injector,0.5 ML tirzepatide 20 MG/ML Auto-Injector,0.5 ML tirzepatide 25 MG/ML Auto-Injector,0.5 ML tirzepatide 15 MG/ML Auto-Injector,0.5 ML tirzepatide 15 MG/ML Injection,0.5 ML tirzepatide 10 MG/ML Injection,0.5 ML tirzepatide 5 MG/ML Injection,0.5 ML tirzepatide 30 MG/ML Injection,0.5 ML tirzepatide 25 MG/ML Injection,0.5 ML tirzepatide 20 MG/ML Injection,tirzepatide 10 MG/ML,tirzepatide 30 MG/ML,tirzepatide 5 MG/ML,tirzepatide 20 MG/ML,tirzepatide 25 MG/ML,tirzepatide 15 MG/ML,tirzepatide Auto-Injector,tirzepatide Injection,tirzepatide Injectable Product",>=min,TRUE,9.5-10.0
INSULIN SAXENDA,14.783894538879395,Saxenda,"Saxenda,Pen Injector,Injectable Product,liraglutide,3 ML liraglutide 6 MG/ML Pen Injector [Saxenda],liraglutide 6 MG/ML [Saxenda],liraglutide Pen Injector [Saxenda],Saxenda Injectable Product,3 ML liraglutide 6 MG/ML Pen Injector,liraglutide 6 MG/ML,liraglutide Pen Injector,liraglutide Injectable Product",>=min,TRUE,9.5-10.0
TRULICITY (DULAGLUTIDE),17.84546816517258,dulaglutide Auto-Injector [Trulicity],"Trulicity,Auto-Injector,Injectable Product,dulaglutide,0.5 ML dulaglutide 1.5 MG/ML Auto-Injector [Trulicity],0.5 ML dulaglutide 3 MG/ML Auto-Injector [Trulicity],0.5 ML dulaglutide 6 MG/ML Auto-Injector [Trulicity],0.5 ML dulaglutide 9 MG/ML Auto-Injector [Trulicity],dulaglutide 1.5 MG/ML [Trulicity],dulaglutide 3 MG/ML [Trulicity],dulaglutide 6 MG/ML [Trulicity],dulaglutide 9 MG/ML [Trulicity],dulaglutide Auto-Injector [Trulicity],Trulicity Injectable Product,0.5 ML dulaglutide 1.5 MG/ML Auto-Injector,0.5 ML dulaglutide 3 MG/ML Auto-Injector,0.5 ML dulaglutide 6 MG/ML Auto-Injector,0.5 ML dulaglutide 9 MG/ML Auto-Injector,dulaglutide 1.5 MG/ML,dulaglutide 3 MG/ML,dulaglutide 6 MG/ML,dulaglutide 9 MG/ML,dulaglutide Auto-Injector,dulaglutide Injectable Product",>=min,TRUE,9.5-10.0
SEMAGLUTIDE 1 MG,11.219141003131867,semaglutide 1 MG/ML,"Wegovy,Auto-Injector,Injectable Product,semaglutide,0.5 ML semaglutide 1 MG/ML Auto-Injector [Wegovy],semaglutide 1 MG/ML [Wegovy],semaglutide Auto-Injector [Wegovy],Wegovy Injectable Product,0.5 ML semaglutide 1 MG/ML Auto-Injector,semaglutide 1 MG/ML,semaglutide Auto-Injector,semaglutide Injectable Product",>=min,TRUE,9.5-10.0
CYANOCOBALAMIN\GLYCINE\TIRZEPATIDE,12.608393669128418,tirzepatide,tirzepatide,>=min,TRUE,9.5-10.0
BYDUREON SUBQ,14.322449684143066,Bydureon,"Bydureon,Auto-Injector,Injection,Injectable Product,exenatide,exenatide 2 MG Injection [Bydureon],0.85 ML exenatide 2.35 MG/ML Auto-Injector [Bydureon],exenatide 2 MG [Bydureon],exenatide 2.35 MG/ML [Bydureon],exenatide Injection [Bydureon],exenatide Auto-Injector [Bydureon],Bydureon Injectable Product,exenatide 2 MG Injection,0.85 ML exenatide 2.35 MG/ML Auto-Injector,exenatide 2 MG,exenatide 2.35 MG/ML,exenatide Injection,exenatide Auto-Injector,exenatide Injectable Product",>=min,TRUE,9.5-10.0
TRULICITY 1.5 MG/0.5 PEN INJCTR,15.399464804172517,0.5 ML dulaglutide 3 MG/ML Auto-Injector [Trulicity],"Trulicity,Auto-Injector,Injectable Product,dulaglutide,0.5 ML dulaglutide 3 MG/ML Auto-Injector [Trulicity],dulaglutide 3 MG/ML [Trulicity],dulaglutide Auto-Injector [Trulicity],Trulicity Injectable Product,0.5 ML dulaglutide 3 MG/ML Auto-Injector,dulaglutide 3 MG/ML,dulaglutide Auto-Injector,dulaglutide Injectable Product",>=min,TRUE,9.5-10.0
VICTOZA 1.8MG  DAILY,12.718400955200195,Victoza,"Victoza,Pen Injector,Injectable Product,liraglutide,3 ML liraglutide 6 MG/ML Pen Injector [Victoza],liraglutide 6 MG/ML [Victoza],liraglutide Pen Injector [Victoza],Victoza Injectable Product,3 ML liraglutide 6 MG/ML Pen Injector,liraglutide 6 MG/ML,liraglutide Pen Injector,liraglutide Injectable Product",>=min,TRUE,9.5-10.0
TUJEO OR TRULICITY,14.034219741821289,Trulicity,"Trulicity,Auto-Injector,Injectable Product,dulaglutide,0.5 ML dulaglutide 1.5 MG/ML Auto-Injector [Trulicity],0.5 ML dulaglutide 3 MG/ML Auto-Injector [Trulicity],0.5 ML dulaglutide 6 MG/ML Auto-Injector [Trulicity],0.5 ML dulaglutide 9 MG/ML Auto-Injector [Trulicity],dulaglutide 1.5 MG/ML [Trulicity],dulaglutide 3 MG/ML [Trulicity],dulaglutide 6 MG/ML [Trulicity],dulaglutide 9 MG/ML [Trulicity],dulaglutide Auto-Injector [Trulicity],Trulicity Injectable Product,0.5 ML dulaglutide 1.5 MG/ML Auto-Injector,0.5 ML dulaglutide 3 MG/ML Auto-Injector,0.5 ML dulaglutide 6 MG/ML Auto-Injector,0.5 ML dulaglutide 9 MG/ML Auto-Injector,dulaglutide 1.5 MG/ML,dulaglutide 3 MG/ML,dulaglutide 6 MG/ML,dulaglutide 9 MG/ML,dulaglutide Auto-Injector,dulaglutide Injectable Product",>=min,TRUE,9.5-10.0
BYETTA PREFILLED PEN,19.839183807373047,exenatide Pen Injector [Byetta],"Byetta,Pen Injector,Injectable Product,exenatide,60 ACTUAT exenatide 0.01 MG/ACTUAT Pen Injector [Byetta],60 ACTUAT exenatide 0.005 MG/ACTUAT Pen Injector [Byetta],exenatide 0.01 MG/ACTUAT [Byetta],exenatide 0.005 MG/ACTUAT [Byetta],exenatide Pen Injector [Byetta],Byetta Injectable Product,60 ACTUAT exenatide 0.01 MG/ACTUAT Pen Injector,60 ACTUAT exenatide 0.005 MG/ACTUAT Pen Injector,exenatide 0.01 MG/ACTUAT,exenatide 0.005 MG/ACTUAT,exenatide Pen Injector,exenatide Injectable Product",>=min,TRUE,9.5-10.0