drugname_norm,score,rxnorm_name_best,ingredient_name,accepted_by,has_rxnorm_name,stratum
"SEMAGLUTIDE, 0.25 OR 0.5MG/DOS, 2 MG/3ML SOLUTION PEN-INJECTOR",24.156829833984375,semaglutide Pen Injector,"Ozempic,Pen Injector,Injectable Product,semaglutide,0.25 MG, 0.5 MG Dose 1.5 ML semaglutide 1.34 MG/ML Pen Injector [Ozempic],1 MG Dose 1.5 ML semaglutide 1.34 MG/ML Pen Injector [Ozempic],3 ML semaglutide 1.34 MG/ML Pen Injector [Ozempic],3 ML semaglutide 2.68 MG/ML Pen Injector [Ozempic],0.25 MG, 0.5 MG Dose 3 ML semaglutide 0.68 MG/ML Pen Injector [Ozempic],semaglutide 1.34 MG/ML [Ozempic],semaglutide 2.68 MG/ML [Ozempic],semaglutide 0.68 MG/ML [Ozempic],semaglutide Pen Injector [Ozempic],Ozempic Injectable Product,Wegovy Injectable Product,0.25 MG, 0.5 MG Dose 1.5 ML semaglutide 1.34 MG/ML Pen Injector,1 MG Dose 1.5 ML semaglutide 1.34 MG/ML Pen Injector,3 ML semaglutide 1.34 MG/ML Pen Injector,3 ML semaglutide 2.68 MG/ML Pen Injector,0.25 MG, 0.5 MG Dose 3 ML semaglutide 0.68 MG/ML Pen Injector,semaglutide 1.34 MG/ML,semaglutide 2.68 MG/ML,semaglutide 0.68 MG/ML,semaglutide Pen Injector,semaglutide Injectable Product",>=min,TRUE,9.5-10.0
VICTOZA S2,12.718400955200195,Victoza,"Victoza,Pen Injector,Injectable Product,liraglutide,3 ML liraglutide 6 MG/ML Pen Injector [Victoza],liraglutide 6 MG/ML [Victoza],liraglutide Pen Injector [Victoza],Victoza Injectable Product,3 ML liraglutide 6 MG/ML Pen Injector,liraglutide 6 MG/ML,liraglutide Pen Injector,liraglutide Injectable Product",>=min,TRUE,9.5-10.0
NEURONTIN OZEMPIC,14.046144485473633,Ozempic,"Ozempic,Pen Injector,Injectable Product,semaglutide,0.25 MG, 0.5 MG Dose 1.5 ML semaglutide 1.34 MG/ML Pen Injector [Ozempic],1 MG Dose 1.5 ML semaglutide 1.34 MG/ML Pen Injector [Ozempic],3 ML semaglutide 1.34 MG/ML Pen Injector [Ozempic],3 ML semaglutide 2.68 MG/ML Pen Injector [Ozempic],0.25 MG, 0.5 MG Dose 3 ML semaglutide 0.68 MG/ML Pen Injector [Ozempic],semaglutide 1.34 MG/ML [Ozempic],semaglutide 2.68 MG/ML [Ozempic],semaglutide 0.68 MG/ML [Ozempic],semaglutide Pen Injector [Ozempic],Ozempic Injectable Product,0.25 MG, 0.5 MG Dose 1.5 ML semaglutide 1.34 MG/ML Pen Injector,1 MG Dose 1.5 ML semaglutide 1.34 MG/ML Pen Injector,3 ML semaglutide 1.34 MG/ML Pen Injector,3 ML semaglutide 2.68 MG/ML Pen Injector,0.25 MG, 0.5 MG Dose 3 ML semaglutide 0.68 MG/ML Pen Injector,semaglutide 1.34 MG/ML,semaglutide 2.68 MG/ML,semaglutide 0.68 MG/ML,semaglutide Pen Injector,semaglutide Injectable Product",>=min,TRUE,9.5-10.0
BLINDED SEMAGLUTIDE B 3.0 MG/ML PDS290,12.49600601196289,semaglutide 3 MG,"Rybelsus,Oral Tablet,Oral Product,Pill,semaglutide,semaglutide 3 MG Oral Tablet [Rybelsus],semaglutide 3 MG [Rybelsus],semaglutide Oral Tablet [Rybelsus],Rybelsus Oral Product,Rybelsus Pill,semaglutide 3 MG Oral Tablet,semaglutide 3 MG,semaglutide Oral Tablet,semaglutide Oral Product,semaglutide Pill",>=min,TRUE,9.5-10.0
LIRAGLUTIDE 18 MG/3ML,14.556120194126356,3 ML liraglutide 6 MG/ML Pen Injector,"Saxenda,Victoza,Pen Injector,Injectable Product,liraglutide,3 ML liraglutide 6 MG/ML Pen Injector [Saxenda],3 ML liraglutide 6 MG/ML Pen Injector [Victoza],liraglutide 6 MG/ML [Saxenda],liraglutide 6 MG/ML [Victoza],liraglutide Pen Injector [Victoza],liraglutide Pen Injector [Saxenda],Victoza Injectable Product,Saxenda Injectable Product,3 ML liraglutide 6 MG/ML Pen Injector,liraglutide 6 MG/ML,liraglutide Pen Injector,liraglutide Injectable Product",>=min,TRUE,9.5-10.0
INSULIN DEGLUDEC(GENETICAL RECOMBINATION)/LIRAGLUTIDE(GENETICAL REC...,26.426057815551758,liraglutide,liraglutide,>=min,TRUE,9.5-10.0
LIRAGLUTIDE 1.8MG,11.481648445129395,liraglutide,liraglutide,>=min,TRUE,9.5-10.0
"SEMAGLUTIDE (SEMAGLUTIDE 0.5MG/0.375ML INJ,SOLN,PEN,1.5ML)",23.799306869506836,"0.25 MG, 0.5 MG Dose 1.5 ML semaglutide 1.34 MG/ML Pen Injector","Ozempic,Pen Injector,Injectable Product,semaglutide,0.25 MG, 0.5 MG Dose 1.5 ML semaglutide 1.34 MG/ML Pen Injector [Ozempic],semaglutide 1.34 MG/ML [Ozempic],semaglutide Pen Injector [Ozempic],Ozempic Injectable Product,0.25 MG, 0.5 MG Dose 1.5 ML semaglutide 1.34 MG/ML Pen Injector,semaglutide 1.34 MG/ML,semaglutide Pen Injector,semaglutide Injectable Product",>=min,TRUE,9.5-10.0
LIRAGLUTIDE FLEXPEN,13.481648445129395,liraglutide,liraglutide,>=min,TRUE,9.5-10.0
"VICTOZA 0.6/0.1ML, INJECT 1.8MG SUBQ DAILY",14.147874140739441,3 ML liraglutide 6 MG/ML Pen Injector [Victoza],"Victoza,Pen Injector,Injectable Product,liraglutide,3 ML liraglutide 6 MG/ML Pen Injector [Victoza],liraglutide 6 MG/ML [Victoza],liraglutide Pen Injector [Victoza],Victoza Injectable Product,3 ML liraglutide 6 MG/ML Pen Injector,liraglutide 6 MG/ML,liraglutide Pen Injector,liraglutide Injectable Product",>=min,TRUE,9.5-10.0
VICTOZA (NON-ABBVIE),14.718400955200195,Victoza,"Victoza,Pen Injector,Injectable Product,liraglutide,3 ML liraglutide 6 MG/ML Pen Injector [Victoza],liraglutide 6 MG/ML [Victoza],liraglutide Pen Injector [Victoza],Victoza Injectable Product,3 ML liraglutide 6 MG/ML Pen Injector,liraglutide 6 MG/ML,liraglutide Pen Injector,liraglutide Injectable Product",>=min,TRUE,9.5-10.0
EXENATIDE EXTENDED RELEASE,13.48706055,exenatide,exenatide,>=min,TRUE,9.5-10.0
"TRULICITY 0,75 MG, SOLUTION INJECTABLE EN STYLO PREREMPLI",12.498417854309082,Trulicity Injectable Product,"Trulicity,Auto-Injector,Injectable Product,dulaglutide,0.5 ML dulaglutide 1.5 MG/ML Auto-Injector [Trulicity],0.5 ML dulaglutide 3 MG/ML Auto-Injector [Trulicity],0.5 ML dulaglutide 6 MG/ML Auto-Injector [Trulicity],0.5 ML dulaglutide 9 MG/ML Auto-Injector [Trulicity],dulaglutide 1.5 MG/ML [Trulicity],dulaglutide 3 MG/ML [Trulicity],dulaglutide 6 MG/ML [Trulicity],dulaglutide 9 MG/ML [Trulicity],dulaglutide Auto-Injector [Trulicity],Trulicity Injectable Product,0.5 ML dulaglutide 1.5 MG/ML Auto-Injector,0.5 ML dulaglutide 3 MG/ML Auto-Injector,0.5 ML dulaglutide 6 MG/ML Auto-Injector,0.5 ML dulaglutide 9 MG/ML Auto-Injector,dulaglutide 1.5 MG/ML,dulaglutide 3 MG/ML,dulaglutide 6 MG/ML,dulaglutide 9 MG/ML,dulaglutide Auto-Injector,dulaglutide Injectable Product",>=min,TRUE,9.5-10.0
TRULICITY INJ 0.75/0.5;,14.773561977386475,0.5 ML dulaglutide 1.5 MG/ML Auto-Injector [Trulicity],"Trulicity,Auto-Injector,Injectable Product,dulaglutide,0.5 ML dulaglutide 1.5 MG/ML Auto-Injector [Trulicity],dulaglutide 1.5 MG/ML [Trulicity],dulaglutide Auto-Injector [Trulicity],Trulicity Injectable Product,0.5 ML dulaglutide 1.5 MG/ML Auto-Injector,dulaglutide 1.5 MG/ML,dulaglutide Auto-Injector,dulaglutide Injectable Product",>=min,TRUE,9.5-10.0
"INSULINE DEGLUDEC,LIRAGLUTIDE",21.292036056518555,insulin degludec / liraglutide,"Xultophy,Pen Injector,Injectable Product,insulin degludec,liraglutide,insulin degludec / liraglutide,3 ML insulin degludec 100 UNT/ML / liraglutide 3.6 MG/ML Pen Injector [Xultophy],insulin degludec 100 UNT/ML / liraglutide 3.6 MG/ML [Xultophy],insulin degludec / liraglutide Pen Injector [Xultophy],Xultophy Injectable Product,3 ML insulin degludec 100 UNT/ML / liraglutide 3.6 MG/ML Pen Injector,insulin degludec 100 UNT/ML,liraglutide 3.6 MG/ML,insulin degludec / liraglutide Pen Injector,insulin degludec / liraglutide Injectable Product",>=min,TRUE,9.5-10.0
VICTOZA 18MG/3MLS,13.169618368702762,3 ML liraglutide 6 MG/ML Pen Injector [Victoza],"Victoza,Pen Injector,Injectable Product,liraglutide,3 ML liraglutide 6 MG/ML Pen Injector [Victoza],liraglutide 6 MG/ML [Victoza],liraglutide Pen Injector [Victoza],Victoza Injectable Product,3 ML liraglutide 6 MG/ML Pen Injector,liraglutide 6 MG/ML,liraglutide Pen Injector,liraglutide Injectable Product",>=min,TRUE,9.5-10.0
TRULICITY S P,14.280634880065918,P & S,"P & S,Medicated Shampoo,Shampoo Product,salicylic acid,salicylic acid 20 MG/ML Medicated Shampoo [P & S],salicylic acid 20 MG/ML [P & S],salicylic acid Medicated Shampoo [P & S],P & S Shampoo Product,salicylic acid 20 MG/ML Medicated Shampoo,salicylic acid 20 MG/ML,salicylic acid Medicated Shampoo,salicylic acid Shampoo Product",>=min,TRUE,9.5-10.0
SEMAGLUTIDE 3 MG,12.49600601196289,semaglutide 3 MG,"Rybelsus,Oral Tablet,Oral Product,Pill,semaglutide,semaglutide 3 MG Oral Tablet [Rybelsus],semaglutide 3 MG [Rybelsus],semaglutide Oral Tablet [Rybelsus],Rybelsus Oral Product,Rybelsus Pill,semaglutide 3 MG Oral Tablet,semaglutide 3 MG,semaglutide Oral Tablet,semaglutide Oral Product,semaglutide Pill",>=min,TRUE,9.5-10.0
EXENATID,13.48706055,exenatide,exenatide,>=min,TRUE,9.5-10.0
SEMAGLUTIDE SERTRALINE HCL,13.607461929321289,sertraline hydrochloride,"sertraline,sertraline hydrochloride",>=min,TRUE,9.5-10.0
TRULICITY 1.5 MG EVERY WEEK,12.304409980773926,dulaglutide 1.5 MG/ML [Trulicity],"Trulicity,Auto-Injector,Injectable Product,dulaglutide,0.5 ML dulaglutide 1.5 MG/ML Auto-Injector [Trulicity],dulaglutide 1.5 MG/ML [Trulicity],dulaglutide Auto-Injector [Trulicity],Trulicity Injectable Product,0.5 ML dulaglutide 1.5 MG/ML Auto-Injector,dulaglutide 1.5 MG/ML,dulaglutide Auto-Injector,dulaglutide Injectable Product",>=min,TRUE,9.5-10.0
LIRAGLUTIDE/PLACEBO 6 MG/ML,13.57531452178955,liraglutide 6 MG/ML,"Saxenda,Victoza,Pen Injector,Injectable Product,liraglutide,3 ML liraglutide 6 MG/ML Pen Injector [Saxenda],3 ML liraglutide 6 MG/ML Pen Injector [Victoza],liraglutide 6 MG/ML [Saxenda],liraglutide 6 MG/ML [Victoza],liraglutide Pen Injector [Victoza],liraglutide Pen Injector [Saxenda],Victoza Injectable Product,Saxenda Injectable Product,3 ML liraglutide 6 MG/ML Pen Injector,liraglutide 6 MG/ML,liraglutide Pen Injector,liraglutide Injectable Product",>=min,TRUE,9.5-10.0
METHYLCOBALAMIN\TIRZEPATIDE,12.608393669128418,tirzepatide,tirzepatide,>=min,TRUE,9.5-10.0
SEMAGLUTIDE,12.885526657104492,semaglutide,semaglutide,>=min,TRUE,9.5-10.0
TRULICITY 0.75 ML,12.563417126139944,0.5 ML dulaglutide 1.5 MG/ML Auto-Injector [Trulicity],"Trulicity,Auto-Injector,Injectable Product,dulaglutide,0.5 ML dulaglutide 1.5 MG/ML Auto-Injector [Trulicity],dulaglutide 1.5 MG/ML [Trulicity],dulaglutide Auto-Injector [Trulicity],Trulicity Injectable Product,0.5 ML dulaglutide 1.5 MG/ML Auto-Injector,dulaglutide 1.5 MG/ML,dulaglutide Auto-Injector,dulaglutide Injectable Product",>=min,TRUE,9.5-10.0
BYDUREON BC,14.322449684143066,Bydureon,"Bydureon,Auto-Injector,Injection,Injectable Product,exenatide,exenatide 2 MG Injection [Bydureon],0.85 ML exenatide 2.35 MG/ML Auto-Injector [Bydureon],exenatide 2 MG [Bydureon],exenatide 2.35 MG/ML [Bydureon],exenatide Injection [Bydureon],exenatide Auto-Injector [Bydureon],Bydureon Injectable Product,exenatide 2 MG Injection,0.85 ML exenatide 2.35 MG/ML Auto-Injector,exenatide 2 MG,exenatide 2.35 MG/ML,exenatide Injection,exenatide Auto-Injector,exenatide Injectable Product",>=min,TRUE,9.5-10.0
"SEMAGLUTIDE (SEMAGLUTIDE 1MG/0.75ML INJ,SOLN,PEN,1.5ML)",22.20483398,1 MG Dose 1.5 ML semaglutide 1.34 MG/ML Pen Injector,"Ozempic,Pen Injector,Injectable Product,semaglutide,1 MG Dose 1.5 ML semaglutide 1.34 MG/ML Pen Injector [Ozempic],semaglutide 1.34 MG/ML [Ozempic],semaglutide Pen Injector [Ozempic],Ozempic Injectable Product,1 MG Dose 1.5 ML semaglutide 1.34 MG/ML Pen Injector,semaglutide 1.34 MG/ML,semaglutide Pen Injector,semaglutide Injectable Product",>=min,TRUE,9.5-10.0
LIRAGLUTIDE(GENETICAL RECOMBINATION),20.25656509399414,liraglutide,liraglutide,>=min,TRUE,9.5-10.0
INSULINE DEGLUDEC/LIRAGLUTIDE INJVL/ XULTOPHY,24.387706756591797,insulin degludec / liraglutide Pen Injector [Xultophy],"Xultophy,Pen Injector,Injectable Product,insulin degludec,liraglutide,insulin degludec / liraglutide,3 ML insulin degludec 100 UNT/ML / liraglutide 3.6 MG/ML Pen Injector [Xultophy],insulin degludec 100 UNT/ML / liraglutide 3.6 MG/ML [Xultophy],insulin degludec / liraglutide Pen Injector [Xultophy],Xultophy Injectable Product,3 ML insulin degludec 100 UNT/ML / liraglutide 3.6 MG/ML Pen Injector,insulin degludec 100 UNT/ML,liraglutide 3.6 MG/ML,insulin degludec / liraglutide Pen Injector,insulin degludec / liraglutide Injectable Product",>=min,TRUE,9.5-10.0
"SEMAGLUTIDE (SEMAGLUTIDE 1MG/0.75ML INJ, SOLN, PEN, 1.5ML)",22.20483398,1 MG Dose 1.5 ML semaglutide 1.34 MG/ML Pen Injector,"Ozempic,Pen Injector,Injectable Product,semaglutide,1 MG Dose 1.5 ML semaglutide 1.34 MG/ML Pen Injector [Ozempic],semaglutide 1.34 MG/ML [Ozempic],semaglutide Pen Injector [Ozempic],Ozempic Injectable Product,1 MG Dose 1.5 ML semaglutide 1.34 MG/ML Pen Injector,semaglutide 1.34 MG/ML,semaglutide Pen Injector,semaglutide Injectable Product",>=min,TRUE,9.5-10.0
"TRULICITY 1,5 MG, INJECTABLE SOLUTION IN PRE-FILLED SYRINGE",21.41679298400879,aflibercept Prefilled Syringe [Eylea],"Eylea,Prefilled Syringe,Injectable Product,aflibercept,0.05 ML aflibercept 40 MG/ML Prefilled Syringe [Eylea],aflibercept 40 MG/ML [Eylea],aflibercept Prefilled Syringe [Eylea],Eylea Injectable Product,0.05 ML aflibercept 40 MG/ML Prefilled Syringe,aflibercept 40 MG/ML,aflibercept Prefilled Syringe,aflibercept-ayyh Prefilled Syringe,aflibercept Injectable Product",>=min,TRUE,9.5-10.0
VICTOZA 2- PAK,12.718400955200195,Victoza,"Victoza,Pen Injector,Injectable Product,liraglutide,3 ML liraglutide 6 MG/ML Pen Injector [Victoza],liraglutide 6 MG/ML [Victoza],liraglutide Pen Injector [Victoza],Victoza Injectable Product,3 ML liraglutide 6 MG/ML Pen Injector,liraglutide 6 MG/ML,liraglutide Pen Injector,liraglutide Injectable Product",>=min,TRUE,9.5-10.0
LIRAGLUTIDE FLEX PEN,16.010761260986328,liraglutide Pen Injector,"Saxenda,Victoza,Pen Injector,Injectable Product,liraglutide,3 ML liraglutide 6 MG/ML Pen Injector [Saxenda],3 ML liraglutide 6 MG/ML Pen Injector [Victoza],liraglutide 6 MG/ML [Saxenda],liraglutide 6 MG/ML [Victoza],liraglutide Pen Injector [Victoza],liraglutide Pen Injector [Saxenda],Victoza Injectable Product,Saxenda Injectable Product,3 ML liraglutide 6 MG/ML Pen Injector,liraglutide 6 MG/ML,liraglutide Pen Injector,liraglutide Injectable Product",>=min,TRUE,9.5-10.0
DULAGLUTIDE 0.75 MG/0.5 ML,14.980694770812988,0.5 ML dulaglutide 1.5 MG/ML Auto-Injector,"Trulicity,Auto-Injector,Injectable Product,dulaglutide,0.5 ML dulaglutide 1.5 MG/ML Auto-Injector [Trulicity],dulaglutide 1.5 MG/ML [Trulicity],dulaglutide Auto-Injector [Trulicity],Trulicity Injectable Product,0.5 ML dulaglutide 1.5 MG/ML Auto-Injector,dulaglutide 1.5 MG/ML,dulaglutide Auto-Injector,dulaglutide Injectable Product",>=min,TRUE,9.5-10.0
SOLIQUA SC,15.077795028686523,Soliqua,"Soliqua,Pen Injector,Injectable Product,lixisenatide,insulin glargine,insulin glargine / lixisenatide,3 ML insulin glargine 100 UNT/ML / lixisenatide 0.033 MG/ML Pen Injector [Soliqua],insulin glargine 100 UNT/ML / lixisenatide 0.033 MG/ML [Soliqua],insulin glargine / lixisenatide Pen Injector [Soliqua],Soliqua Injectable Product,3 ML insulin glargine 100 UNT/ML / lixisenatide 0.033 MG/ML Pen Injector,lixisenatide 0.033 MG/ML,insulin glargine 100 UNT/ML,insulin glargine / lixisenatide Pen Injector,insulin glargine / lixisenatide Injectable Product",>=min,TRUE,9.5-10.0
VICTOZA (LIRAGLUTIDE (GENETICAL RECOMBINATION)) 0.9 MG DAILY,20.25656509399414,liraglutide,liraglutide,>=min,TRUE,9.5-10.0
GLP 1 VICTOZA,12.718400955200195,Victoza,"Victoza,Pen Injector,Injectable Product,liraglutide,3 ML liraglutide 6 MG/ML Pen Injector [Victoza],liraglutide 6 MG/ML [Victoza],liraglutide Pen Injector [Victoza],Victoza Injectable Product,3 ML liraglutide 6 MG/ML Pen Injector,liraglutide 6 MG/ML,liraglutide Pen Injector,liraglutide Injectable Product",>=min,TRUE,9.5-10.0
VICTOZA/LIRAGLUTIDE,18.295441742897033,liraglutide Pen Injector [Victoza],"Victoza,Pen Injector,Injectable Product,liraglutide,3 ML liraglutide 6 MG/ML Pen Injector [Victoza],liraglutide 6 MG/ML [Victoza],liraglutide Pen Injector [Victoza],Victoza Injectable Product,3 ML liraglutide 6 MG/ML Pen Injector,liraglutide 6 MG/ML,liraglutide Pen Injector,liraglutide Injectable Product",>=min,TRUE,9.5-10.0
OZEMPIC S/C,14.046144485473633,Ozempic,"Ozempic,Pen Injector,Injectable Product,semaglutide,0.25 MG, 0.5 MG Dose 1.5 ML semaglutide 1.34 MG/ML Pen Injector [Ozempic],1 MG Dose 1.5 ML semaglutide 1.34 MG/ML Pen Injector [Ozempic],3 ML semaglutide 1.34 MG/ML Pen Injector [Ozempic],3 ML semaglutide 2.68 MG/ML Pen Injector [Ozempic],0.25 MG, 0.5 MG Dose 3 ML semaglutide 0.68 MG/ML Pen Injector [Ozempic],semaglutide 1.34 MG/ML [Ozempic],semaglutide 2.68 MG/ML [Ozempic],semaglutide 0.68 MG/ML [Ozempic],semaglutide Pen Injector [Ozempic],Ozempic Injectable Product,0.25 MG, 0.5 MG Dose 1.5 ML semaglutide 1.34 MG/ML Pen Injector,1 MG Dose 1.5 ML semaglutide 1.34 MG/ML Pen Injector,3 ML semaglutide 1.34 MG/ML Pen Injector,3 ML semaglutide 2.68 MG/ML Pen Injector,0.25 MG, 0.5 MG Dose 3 ML semaglutide 0.68 MG/ML Pen Injector,semaglutide 1.34 MG/ML,semaglutide 2.68 MG/ML,semaglutide 0.68 MG/ML,semaglutide Pen Injector,semaglutide Injectable Product",>=min,TRUE,9.5-10.0
VICTOZA 6MG/ML INJEKTIONSL SUNG IN EINEM FERTIGPEN,14.041428565979004,liraglutide 6 MG/ML [Victoza],"Victoza,Pen Injector,Injectable Product,liraglutide,3 ML liraglutide 6 MG/ML Pen Injector [Victoza],liraglutide 6 MG/ML [Victoza],liraglutide Pen Injector [Victoza],Victoza Injectable Product,3 ML liraglutide 6 MG/ML Pen Injector,liraglutide 6 MG/ML,liraglutide Pen Injector,liraglutide Injectable Product",>=min,TRUE,9.5-10.0
INSULIN GLARGINE/LIXISENATIDE,21.091108322143555,insulin glargine / lixisenatide,"Soliqua,Pen Injector,Injectable Product,lixisenatide,insulin glargine,insulin glargine / lixisenatide,3 ML insulin glargine 100 UNT/ML / lixisenatide 0.033 MG/ML Pen Injector [Soliqua],insulin glargine 100 UNT/ML / lixisenatide 0.033 MG/ML [Soliqua],insulin glargine / lixisenatide Pen Injector [Soliqua],Soliqua Injectable Product,3 ML insulin glargine 100 UNT/ML / lixisenatide 0.033 MG/ML Pen Injector,lixisenatide 0.033 MG/ML,insulin glargine 100 UNT/ML,insulin glargine / lixisenatide Pen Injector,insulin glargine / lixisenatide Injectable Product",>=min,TRUE,9.5-10.0
TRULICITY 1.5 MG,12.29825777578354,dulaglutide 1.5 MG/ML [Trulicity],"Trulicity,Auto-Injector,Injectable Product,dulaglutide,0.5 ML dulaglutide 1.5 MG/ML Auto-Injector [Trulicity],dulaglutide 1.5 MG/ML [Trulicity],dulaglutide Auto-Injector [Trulicity],Trulicity Injectable Product,0.5 ML dulaglutide 1.5 MG/ML Auto-Injector,dulaglutide 1.5 MG/ML,dulaglutide Auto-Injector,dulaglutide Injectable Product",>=min,TRUE,9.5-10.0
VICTOZA - 6 MG/ML SOLUZIONE INIETTABILE - NOVO NNORDISK A/S,13.951472282409668,liraglutide 6 MG/ML [Victoza],"Victoza,Pen Injector,Injectable Product,liraglutide,3 ML liraglutide 6 MG/ML Pen Injector [Victoza],liraglutide 6 MG/ML [Victoza],liraglutide Pen Injector [Victoza],Victoza Injectable Product,3 ML liraglutide 6 MG/ML Pen Injector,liraglutide 6 MG/ML,liraglutide Pen Injector,liraglutide Injectable Product",>=min,TRUE,9.5-10.0
"TRULICITY 1,5MG",12.034219741821289,Trulicity,"Trulicity,Auto-Injector,Injectable Product,dulaglutide,0.5 ML dulaglutide 1.5 MG/ML Auto-Injector [Trulicity],0.5 ML dulaglutide 3 MG/ML Auto-Injector [Trulicity],0.5 ML dulaglutide 6 MG/ML Auto-Injector [Trulicity],0.5 ML dulaglutide 9 MG/ML Auto-Injector [Trulicity],dulaglutide 1.5 MG/ML [Trulicity],dulaglutide 3 MG/ML [Trulicity],dulaglutide 6 MG/ML [Trulicity],dulaglutide 9 MG/ML [Trulicity],dulaglutide Auto-Injector [Trulicity],Trulicity Injectable Product,0.5 ML dulaglutide 1.5 MG/ML Auto-Injector,0.5 ML dulaglutide 3 MG/ML Auto-Injector,0.5 ML dulaglutide 6 MG/ML Auto-Injector,0.5 ML dulaglutide 9 MG/ML Auto-Injector,dulaglutide 1.5 MG/ML,dulaglutide 3 MG/ML,dulaglutide 6 MG/ML,dulaglutide 9 MG/ML,dulaglutide Auto-Injector,dulaglutide Injectable Product",>=min,TRUE,9.5-10.0
"SEMAGLUTIDE (SEMAGLUTIDE 1MG/0.75ML INJ, SOLN, PEN 1.5ML)",22.20483398,1 MG Dose 1.5 ML semaglutide 1.34 MG/ML Pen Injector,"Ozempic,Pen Injector,Injectable Product,semaglutide,1 MG Dose 1.5 ML semaglutide 1.34 MG/ML Pen Injector [Ozempic],semaglutide 1.34 MG/ML [Ozempic],semaglutide Pen Injector [Ozempic],Ozempic Injectable Product,1 MG Dose 1.5 ML semaglutide 1.34 MG/ML Pen Injector,semaglutide 1.34 MG/ML,semaglutide Pen Injector,semaglutide Injectable Product",>=min,TRUE,9.5-10.0
INSULIN TRULICITY,14.034219741821289,Trulicity,"Trulicity,Auto-Injector,Injectable Product,dulaglutide,0.5 ML dulaglutide 1.5 MG/ML Auto-Injector [Trulicity],0.5 ML dulaglutide 3 MG/ML Auto-Injector [Trulicity],0.5 ML dulaglutide 6 MG/ML Auto-Injector [Trulicity],0.5 ML dulaglutide 9 MG/ML Auto-Injector [Trulicity],dulaglutide 1.5 MG/ML [Trulicity],dulaglutide 3 MG/ML [Trulicity],dulaglutide 6 MG/ML [Trulicity],dulaglutide 9 MG/ML [Trulicity],dulaglutide Auto-Injector [Trulicity],Trulicity Injectable Product,0.5 ML dulaglutide 1.5 MG/ML Auto-Injector,0.5 ML dulaglutide 3 MG/ML Auto-Injector,0.5 ML dulaglutide 6 MG/ML Auto-Injector,0.5 ML dulaglutide 9 MG/ML Auto-Injector,dulaglutide 1.5 MG/ML,dulaglutide 3 MG/ML,dulaglutide 6 MG/ML,dulaglutide 9 MG/ML,dulaglutide Auto-Injector,dulaglutide Injectable Product",>=min,TRUE,9.5-10.0
MOUNJARO INJ 12.5/0.5,14.673758412825824,0.5 ML tirzepatide 25 MG/ML Injection [Mounjaro],"Mounjaro,Injection,Injectable Product,tirzepatide,0.5 ML tirzepatide 25 MG/ML Injection [Mounjaro],tirzepatide 25 MG/ML [Mounjaro],tirzepatide Injection [Mounjaro],Mounjaro Injectable Product,0.5 ML tirzepatide 25 MG/ML Injection,tirzepatide 25 MG/ML,tirzepatide Injection,tirzepatide Injectable Product",>=min,TRUE,9.5-10.0
ZEPBOUND 2.5MG/0.5ML INJ (4PF PENS),16.02552967453003,0.5 ML tirzepatide 5 MG/ML Auto-Injector [Zepbound],"Zepbound,Auto-Injector,Injectable Product,tirzepatide,0.5 ML tirzepatide 5 MG/ML Auto-Injector [Zepbound],tirzepatide 5 MG/ML [Zepbound],tirzepatide Auto-Injector [Zepbound],Zepbound Injectable Product,0.5 ML tirzepatide 5 MG/ML Auto-Injector,tirzepatide 5 MG/ML,tirzepatide Auto-Injector,tirzepatide Injectable Product",>=min,TRUE,9.5-10.0
TRULICITY INJ,14.491168645381928,Trulicity Injectable Product,"Trulicity,Auto-Injector,Injectable Product,dulaglutide,0.5 ML dulaglutide 1.5 MG/ML Auto-Injector [Trulicity],0.5 ML dulaglutide 3 MG/ML Auto-Injector [Trulicity],0.5 ML dulaglutide 6 MG/ML Auto-Injector [Trulicity],0.5 ML dulaglutide 9 MG/ML Auto-Injector [Trulicity],dulaglutide 1.5 MG/ML [Trulicity],dulaglutide 3 MG/ML [Trulicity],dulaglutide 6 MG/ML [Trulicity],dulaglutide 9 MG/ML [Trulicity],dulaglutide Auto-Injector [Trulicity],Trulicity Injectable Product,0.5 ML dulaglutide 1.5 MG/ML Auto-Injector,0.5 ML dulaglutide 3 MG/ML Auto-Injector,0.5 ML dulaglutide 6 MG/ML Auto-Injector,0.5 ML dulaglutide 9 MG/ML Auto-Injector,dulaglutide 1.5 MG/ML,dulaglutide 3 MG/ML,dulaglutide 6 MG/ML,dulaglutide 9 MG/ML,dulaglutide Auto-Injector,dulaglutide Injectable Product",>=min,TRUE,9.5-10.0
OZEMPIC 1 MG/DOSE (4 MG/3 ML) SUBCUTANEOUS PEN INJECTOR,18.211200714111328,3 ML semaglutide 1.34 MG/ML Pen Injector [Ozempic],"Ozempic,Pen Injector,Injectable Product,semaglutide,3 ML semaglutide 1.34 MG/ML Pen Injector [Ozempic],semaglutide 1.34 MG/ML [Ozempic],semaglutide Pen Injector [Ozempic],Ozempic Injectable Product,3 ML semaglutide 1.34 MG/ML Pen Injector,semaglutide 1.34 MG/ML,semaglutide Pen Injector,semaglutide Injectable Product",>=min,TRUE,9.5-10.0
RYBELSUS 14 MG TABLET,15.204492568969727,semaglutide 14 MG Oral Tablet [Rybelsus],"Rybelsus,Oral Tablet,Oral Product,Pill,semaglutide,semaglutide 14 MG Oral Tablet [Rybelsus],semaglutide 14 MG [Rybelsus],semaglutide Oral Tablet [Rybelsus],Rybelsus Oral Product,Rybelsus Pill,semaglutide 14 MG Oral Tablet,semaglutide 14 MG,semaglutide Oral Tablet,semaglutide Oral Product,semaglutide Pill",>=min,TRUE,9.5-10.0
DULAGLUTIDE 0.75MG/0.5ML,14.977652042865754,0.5 ML dulaglutide 1.5 MG/ML Auto-Injector,"Trulicity,Auto-Injector,Injectable Product,dulaglutide,0.5 ML dulaglutide 1.5 MG/ML Auto-Injector [Trulicity],dulaglutide 1.5 MG/ML [Trulicity],dulaglutide Auto-Injector [Trulicity],Trulicity Injectable Product,0.5 ML dulaglutide 1.5 MG/ML Auto-Injector,dulaglutide 1.5 MG/ML,dulaglutide Auto-Injector,dulaglutide Injectable Product",>=min,TRUE,9.5-10.0
OZEMPIC INJ 8MG/3ML,13.829000659399044,3 ML semaglutide 2.68 MG/ML Pen Injector [Ozempic],"Ozempic,Pen Injector,Injectable Product,semaglutide,3 ML semaglutide 2.68 MG/ML Pen Injector [Ozempic],semaglutide 2.68 MG/ML [Ozempic],semaglutide Pen Injector [Ozempic],Ozempic Injectable Product,3 ML semaglutide 2.68 MG/ML Pen Injector,semaglutide 2.68 MG/ML,semaglutide Pen Injector,semaglutide Injectable Product",>=min,TRUE,9.5-10.0
TRULICITY SOA,14.034219741821289,Trulicity,"Trulicity,Auto-Injector,Injectable Product,dulaglutide,0.5 ML dulaglutide 1.5 MG/ML Auto-Injector [Trulicity],0.5 ML dulaglutide 3 MG/ML Auto-Injector [Trulicity],0.5 ML dulaglutide 6 MG/ML Auto-Injector [Trulicity],0.5 ML dulaglutide 9 MG/ML Auto-Injector [Trulicity],dulaglutide 1.5 MG/ML [Trulicity],dulaglutide 3 MG/ML [Trulicity],dulaglutide 6 MG/ML [Trulicity],dulaglutide 9 MG/ML [Trulicity],dulaglutide Auto-Injector [Trulicity],Trulicity Injectable Product,0.5 ML dulaglutide 1.5 MG/ML Auto-Injector,0.5 ML dulaglutide 3 MG/ML Auto-Injector,0.5 ML dulaglutide 6 MG/ML Auto-Injector,0.5 ML dulaglutide 9 MG/ML Auto-Injector,dulaglutide 1.5 MG/ML,dulaglutide 3 MG/ML,dulaglutide 6 MG/ML,dulaglutide 9 MG/ML,dulaglutide Auto-Injector,dulaglutide Injectable Product",>=min,TRUE,9.5-10.0
NADIDE\SEMAGLUTIDE,12.885526657104492,semaglutide,semaglutide,>=min,TRUE,9.5-10.0
SUMAGLUTIDE,9.838314056396484,semaglutide,semaglutide,>=min,TRUE,9.5-10.0
VICTOZA IN,14.718400955200195,Victoza,"Victoza,Pen Injector,Injectable Product,liraglutide,3 ML liraglutide 6 MG/ML Pen Injector [Victoza],liraglutide 6 MG/ML [Victoza],liraglutide Pen Injector [Victoza],Victoza Injectable Product,3 ML liraglutide 6 MG/ML Pen Injector,liraglutide 6 MG/ML,liraglutide Pen Injector,liraglutide Injectable Product",>=min,TRUE,9.5-10.0
BYETTA (EXENATIDE),18.07692312717438,exenatide Pen Injector [Byetta],"Byetta,Pen Injector,Injectable Product,exenatide,60 ACTUAT exenatide 0.01 MG/ACTUAT Pen Injector [Byetta],60 ACTUAT exenatide 0.005 MG/ACTUAT Pen Injector [Byetta],exenatide 0.01 MG/ACTUAT [Byetta],exenatide 0.005 MG/ACTUAT [Byetta],exenatide Pen Injector [Byetta],Byetta Injectable Product,60 ACTUAT exenatide 0.01 MG/ACTUAT Pen Injector,60 ACTUAT exenatide 0.005 MG/ACTUAT Pen Injector,exenatide 0.01 MG/ACTUAT,exenatide 0.005 MG/ACTUAT,exenatide Pen Injector,exenatide Injectable Product",>=min,TRUE,9.5-10.0
XULTOPHY SOP 100-3.6UNIT,14.790782738204172,3 ML insulin degludec 100 UNT/ML / liraglutide 3.6 MG/ML Pen Injector [Xultophy],"Xultophy,Pen Injector,Injectable Product,insulin degludec,liraglutide,insulin degludec / liraglutide,3 ML insulin degludec 100 UNT/ML / liraglutide 3.6 MG/ML Pen Injector [Xultophy],insulin degludec 100 UNT/ML / liraglutide 3.6 MG/ML [Xultophy],insulin degludec / liraglutide Pen Injector [Xultophy],Xultophy Injectable Product,3 ML insulin degludec 100 UNT/ML / liraglutide 3.6 MG/ML Pen Injector,insulin degludec 100 UNT/ML,liraglutide 3.6 MG/ML,insulin degludec / liraglutide Pen Injector,insulin degludec / liraglutide Injectable Product",>=min,TRUE,9.5-10.0
SAXENDA - VICTOZA,14.783894538879395,Saxenda,"Saxenda,Pen Injector,Injectable Product,liraglutide,3 ML liraglutide 6 MG/ML Pen Injector [Saxenda],liraglutide 6 MG/ML [Saxenda],liraglutide Pen Injector [Saxenda],Saxenda Injectable Product,3 ML liraglutide 6 MG/ML Pen Injector,liraglutide 6 MG/ML,liraglutide Pen Injector,liraglutide Injectable Product",>=min,TRUE,9.5-10.0
OZEMPIC 0.5MG SC PEN,13.847709655761719,semaglutide Pen Injector [Ozempic],"Ozempic,Pen Injector,Injectable Product,semaglutide,0.25 MG, 0.5 MG Dose 1.5 ML semaglutide 1.34 MG/ML Pen Injector [Ozempic],1 MG Dose 1.5 ML semaglutide 1.34 MG/ML Pen Injector [Ozempic],3 ML semaglutide 1.34 MG/ML Pen Injector [Ozempic],3 ML semaglutide 2.68 MG/ML Pen Injector [Ozempic],0.25 MG, 0.5 MG Dose 3 ML semaglutide 0.68 MG/ML Pen Injector [Ozempic],semaglutide 1.34 MG/ML [Ozempic],semaglutide 2.68 MG/ML [Ozempic],semaglutide 0.68 MG/ML [Ozempic],semaglutide Pen Injector [Ozempic],Ozempic Injectable Product,0.25 MG, 0.5 MG Dose 1.5 ML semaglutide 1.34 MG/ML Pen Injector,1 MG Dose 1.5 ML semaglutide 1.34 MG/ML Pen Injector,3 ML semaglutide 1.34 MG/ML Pen Injector,3 ML semaglutide 2.68 MG/ML Pen Injector,0.25 MG, 0.5 MG Dose 3 ML semaglutide 0.68 MG/ML Pen Injector,semaglutide 1.34 MG/ML,semaglutide 2.68 MG/ML,semaglutide 0.68 MG/ML,semaglutide Pen Injector,semaglutide Injectable Product",>=min,TRUE,9.5-10.0
TRULICITY PEN 0.75/0.5 ML SUBCUT SOLUTION,18.016090393066406,0.5 ML dulaglutide 1.5 MG/ML Auto-Injector [Trulicity],"Trulicity,Auto-Injector,Injectable Product,dulaglutide,0.5 ML dulaglutide 1.5 MG/ML Auto-Injector [Trulicity],dulaglutide 1.5 MG/ML [Trulicity],dulaglutide Auto-Injector [Trulicity],Trulicity Injectable Product,0.5 ML dulaglutide 1.5 MG/ML Auto-Injector,dulaglutide 1.5 MG/ML,dulaglutide Auto-Injector,dulaglutide Injectable Product",>=min,TRUE,9.5-10.0
OZEMPIC 1 MG/DOSE (4 MG/3 ML),15.232576129913332,3 ML semaglutide 1.34 MG/ML Pen Injector [Ozempic],"Ozempic,Pen Injector,Injectable Product,semaglutide,3 ML semaglutide 1.34 MG/ML Pen Injector [Ozempic],semaglutide 1.34 MG/ML [Ozempic],semaglutide Pen Injector [Ozempic],Ozempic Injectable Product,3 ML semaglutide 1.34 MG/ML Pen Injector,semaglutide 1.34 MG/ML,semaglutide Pen Injector,semaglutide Injectable Product",>=min,TRUE,9.5-10.0
TRULICITY 0.75MG/0.5ML,14.73614924512768,0.5 ML dulaglutide 1.5 MG/ML Auto-Injector [Trulicity],"Trulicity,Auto-Injector,Injectable Product,dulaglutide,0.5 ML dulaglutide 1.5 MG/ML Auto-Injector [Trulicity],dulaglutide 1.5 MG/ML [Trulicity],dulaglutide Auto-Injector [Trulicity],Trulicity Injectable Product,0.5 ML dulaglutide 1.5 MG/ML Auto-Injector,dulaglutide 1.5 MG/ML,dulaglutide Auto-Injector,dulaglutide Injectable Product",>=min,TRUE,9.5-10.0
OZEMPIC 1MG INJECTION,12.508604049682617,Ozempic Injectable Product,"Ozempic,Pen Injector,Injectable Product,semaglutide,0.25 MG, 0.5 MG Dose 1.5 ML semaglutide 1.34 MG/ML Pen Injector [Ozempic],1 MG Dose 1.5 ML semaglutide 1.34 MG/ML Pen Injector [Ozempic],3 ML semaglutide 1.34 MG/ML Pen Injector [Ozempic],3 ML semaglutide 2.68 MG/ML Pen Injector [Ozempic],0.25 MG, 0.5 MG Dose 3 ML semaglutide 0.68 MG/ML Pen Injector [Ozempic],semaglutide 1.34 MG/ML [Ozempic],semaglutide 2.68 MG/ML [Ozempic],semaglutide 0.68 MG/ML [Ozempic],semaglutide Pen Injector [Ozempic],Ozempic Injectable Product,0.25 MG, 0.5 MG Dose 1.5 ML semaglutide 1.34 MG/ML Pen Injector,1 MG Dose 1.5 ML semaglutide 1.34 MG/ML Pen Injector,3 ML semaglutide 1.34 MG/ML Pen Injector,3 ML semaglutide 2.68 MG/ML Pen Injector,0.25 MG, 0.5 MG Dose 3 ML semaglutide 0.68 MG/ML Pen Injector,semaglutide 1.34 MG/ML,semaglutide 2.68 MG/ML,semaglutide 0.68 MG/ML,semaglutide Pen Injector,semaglutide Injectable Product",>=min,TRUE,9.5-10.0
BYDUREON BCISE 2MG/0.85ML,19.798171237467606,0.85 ML exenatide 2.35 MG/ML Auto-Injector [Bydureon],"Bydureon,Auto-Injector,Injectable Product,exenatide,0.85 ML exenatide 2.35 MG/ML Auto-Injector [Bydureon],exenatide 2.35 MG/ML [Bydureon],exenatide Auto-Injector [Bydureon],Bydureon Injectable Product,0.85 ML exenatide 2.35 MG/ML Auto-Injector,exenatide 2.35 MG/ML,exenatide Auto-Injector,exenatide Injectable Product",>=min,TRUE,9.5-10.0
LIRAGLUTIDUM,9.623665809631348,liraglutide,liraglutide,>=min,TRUE,9.5-10.0
"TRULICITY 1,5MG INJEKTIONSL?SUNG IN EINEM FERTIGPEN",12.034219741821289,Trulicity,"Trulicity,Auto-Injector,Injectable Product,dulaglutide,0.5 ML dulaglutide 1.5 MG/ML Auto-Injector [Trulicity],0.5 ML dulaglutide 3 MG/ML Auto-Injector [Trulicity],0.5 ML dulaglutide 6 MG/ML Auto-Injector [Trulicity],0.5 ML dulaglutide 9 MG/ML Auto-Injector [Trulicity],dulaglutide 1.5 MG/ML [Trulicity],dulaglutide 3 MG/ML [Trulicity],dulaglutide 6 MG/ML [Trulicity],dulaglutide 9 MG/ML [Trulicity],dulaglutide Auto-Injector [Trulicity],Trulicity Injectable Product,0.5 ML dulaglutide 1.5 MG/ML Auto-Injector,0.5 ML dulaglutide 3 MG/ML Auto-Injector,0.5 ML dulaglutide 6 MG/ML Auto-Injector,0.5 ML dulaglutide 9 MG/ML Auto-Injector,dulaglutide 1.5 MG/ML,dulaglutide 3 MG/ML,dulaglutide 6 MG/ML,dulaglutide 9 MG/ML,dulaglutide Auto-Injector,dulaglutide Injectable Product",>=min,TRUE,9.5-10.0
TANZEUM PEN-INJECTOR,26.30767822265625,albiglutide Pen Injector [Tanzeum],"Tanzeum,Pen Injector,Injectable Product,albiglutide,0.5 ML albiglutide 60 MG/ML Pen Injector [Tanzeum],0.5 ML albiglutide 100 MG/ML Pen Injector [Tanzeum],albiglutide 60 MG/ML [Tanzeum],albiglutide 100 MG/ML [Tanzeum],albiglutide Pen Injector [Tanzeum],Tanzeum Injectable Product,0.5 ML albiglutide 60 MG/ML Pen Injector,0.5 ML albiglutide 100 MG/ML Pen Injector,albiglutide 60 MG/ML,albiglutide 100 MG/ML,albiglutide Pen Injector,albiglutide Injectable Product",>=min,TRUE,9.5-10.0
"SEMAGLUTIDE (SEMAGLUTIDE 0.5MLG/0.375ML INJ, SOLN, PEN,1.5MLP",21.397052764892578,"0.25 MG, 0.5 MG Dose 1.5 ML semaglutide 1.34 MG/ML Pen Injector","Ozempic,Pen Injector,Injectable Product,semaglutide,0.25 MG, 0.5 MG Dose 1.5 ML semaglutide 1.34 MG/ML Pen Injector [Ozempic],semaglutide 1.34 MG/ML [Ozempic],semaglutide Pen Injector [Ozempic],Ozempic Injectable Product,0.25 MG, 0.5 MG Dose 1.5 ML semaglutide 1.34 MG/ML Pen Injector,semaglutide 1.34 MG/ML,semaglutide Pen Injector,semaglutide Injectable Product",>=min,TRUE,9.5-10.0
AZATHIOPRINE TRULICITY,14.034219741821289,Trulicity,"Trulicity,Auto-Injector,Injectable Product,dulaglutide,0.5 ML dulaglutide 1.5 MG/ML Auto-Injector [Trulicity],0.5 ML dulaglutide 3 MG/ML Auto-Injector [Trulicity],0.5 ML dulaglutide 6 MG/ML Auto-Injector [Trulicity],0.5 ML dulaglutide 9 MG/ML Auto-Injector [Trulicity],dulaglutide 1.5 MG/ML [Trulicity],dulaglutide 3 MG/ML [Trulicity],dulaglutide 6 MG/ML [Trulicity],dulaglutide 9 MG/ML [Trulicity],dulaglutide Auto-Injector [Trulicity],Trulicity Injectable Product,0.5 ML dulaglutide 1.5 MG/ML Auto-Injector,0.5 ML dulaglutide 3 MG/ML Auto-Injector,0.5 ML dulaglutide 6 MG/ML Auto-Injector,0.5 ML dulaglutide 9 MG/ML Auto-Injector,dulaglutide 1.5 MG/ML,dulaglutide 3 MG/ML,dulaglutide 6 MG/ML,dulaglutide 9 MG/ML,dulaglutide Auto-Injector,dulaglutide Injectable Product",>=min,TRUE,9.5-10.0
VICTOZA 6MG/ML INJEKTIONSLOESUNG IN EINEM FERTIGPEN,14.041428565979004,liraglutide 6 MG/ML [Victoza],"Victoza,Pen Injector,Injectable Product,liraglutide,3 ML liraglutide 6 MG/ML Pen Injector [Victoza],liraglutide 6 MG/ML [Victoza],liraglutide Pen Injector [Victoza],Victoza Injectable Product,3 ML liraglutide 6 MG/ML Pen Injector,liraglutide 6 MG/ML,liraglutide Pen Injector,liraglutide Injectable Product",>=min,TRUE,9.5-10.0
VICTOZA SOP 18MG/3ML,15.511190975930088,3 ML liraglutide 6 MG/ML Pen Injector [Victoza],"Victoza,Pen Injector,Injectable Product,liraglutide,3 ML liraglutide 6 MG/ML Pen Injector [Victoza],liraglutide 6 MG/ML [Victoza],liraglutide Pen Injector [Victoza],Victoza Injectable Product,3 ML liraglutide 6 MG/ML Pen Injector,liraglutide 6 MG/ML,liraglutide Pen Injector,liraglutide Injectable Product",>=min,TRUE,9.5-10.0
"DULAGLUTIDE (DULAGLUTIDE 0.75MG/0.5ML INJ,SOLN,PEN)",22.810245513916016,0.5 ML dulaglutide 1.5 MG/ML Auto-Injector,"Trulicity,Auto-Injector,Injectable Product,dulaglutide,0.5 ML dulaglutide 1.5 MG/ML Auto-Injector [Trulicity],dulaglutide 1.5 MG/ML [Trulicity],dulaglutide Auto-Injector [Trulicity],Trulicity Injectable Product,0.5 ML dulaglutide 1.5 MG/ML Auto-Injector,dulaglutide 1.5 MG/ML,dulaglutide Auto-Injector,dulaglutide Injectable Product",>=min,TRUE,9.5-10.0
OZEMPIC INJ 2MG/3ML,12.641718603012958,3 ML semaglutide 2.68 MG/ML Pen Injector [Ozempic],"Ozempic,Pen Injector,Injectable Product,semaglutide,3 ML semaglutide 2.68 MG/ML Pen Injector [Ozempic],semaglutide 2.68 MG/ML [Ozempic],semaglutide Pen Injector [Ozempic],Ozempic Injectable Product,3 ML semaglutide 2.68 MG/ML Pen Injector,semaglutide 2.68 MG/ML,semaglutide Pen Injector,semaglutide Injectable Product",>=min,TRUE,9.5-10.0
"SEMAGLUTIDE (SEMAGLUTIDE 0.5/0.375 ML INJ, SOLN, PEN 1.5ML",23.783628463745117,"0.25 MG, 0.5 MG Dose 1.5 ML semaglutide 1.34 MG/ML Pen Injector","Ozempic,Pen Injector,Injectable Product,semaglutide,0.25 MG, 0.5 MG Dose 1.5 ML semaglutide 1.34 MG/ML Pen Injector [Ozempic],semaglutide 1.34 MG/ML [Ozempic],semaglutide Pen Injector [Ozempic],Ozempic Injectable Product,0.25 MG, 0.5 MG Dose 1.5 ML semaglutide 1.34 MG/ML Pen Injector,semaglutide 1.34 MG/ML,semaglutide Pen Injector,semaglutide Injectable Product",>=min,TRUE,9.5-10.0
BLINDED LIXISENATIDE,13.787429809570312,lixisenatide,lixisenatide,>=min,TRUE,9.5-10.0
TRULICITY SHOT,14.034219741821289,Trulicity,"Trulicity,Auto-Injector,Injectable Product,dulaglutide,0.5 ML dulaglutide 1.5 MG/ML Auto-Injector [Trulicity],0.5 ML dulaglutide 3 MG/ML Auto-Injector [Trulicity],0.5 ML dulaglutide 6 MG/ML Auto-Injector [Trulicity],0.5 ML dulaglutide 9 MG/ML Auto-Injector [Trulicity],dulaglutide 1.5 MG/ML [Trulicity],dulaglutide 3 MG/ML [Trulicity],dulaglutide 6 MG/ML [Trulicity],dulaglutide 9 MG/ML [Trulicity],dulaglutide Auto-Injector [Trulicity],Trulicity Injectable Product,0.5 ML dulaglutide 1.5 MG/ML Auto-Injector,0.5 ML dulaglutide 3 MG/ML Auto-Injector,0.5 ML dulaglutide 6 MG/ML Auto-Injector,0.5 ML dulaglutide 9 MG/ML Auto-Injector,dulaglutide 1.5 MG/ML,dulaglutide 3 MG/ML,dulaglutide 6 MG/ML,dulaglutide 9 MG/ML,dulaglutide Auto-Injector,dulaglutide Injectable Product",>=min,TRUE,9.5-10.0
VICTOZA 3-PAK,12.718400955200195,Victoza,"Victoza,Pen Injector,Injectable Product,liraglutide,3 ML liraglutide 6 MG/ML Pen Injector [Victoza],liraglutide 6 MG/ML [Victoza],liraglutide Pen Injector [Victoza],Victoza Injectable Product,3 ML liraglutide 6 MG/ML Pen Injector,liraglutide 6 MG/ML,liraglutide Pen Injector,liraglutide Injectable Product",>=min,TRUE,9.5-10.0
TRULICITY (ALTHOUGH WE CAN^T GET THIS RIGHT NOW),14.034219741821289,Trulicity,"Trulicity,Auto-Injector,Injectable Product,dulaglutide,0.5 ML dulaglutide 1.5 MG/ML Auto-Injector [Trulicity],0.5 ML dulaglutide 3 MG/ML Auto-Injector [Trulicity],0.5 ML dulaglutide 6 MG/ML Auto-Injector [Trulicity],0.5 ML dulaglutide 9 MG/ML Auto-Injector [Trulicity],dulaglutide 1.5 MG/ML [Trulicity],dulaglutide 3 MG/ML [Trulicity],dulaglutide 6 MG/ML [Trulicity],dulaglutide 9 MG/ML [Trulicity],dulaglutide Auto-Injector [Trulicity],Trulicity Injectable Product,0.5 ML dulaglutide 1.5 MG/ML Auto-Injector,0.5 ML dulaglutide 3 MG/ML Auto-Injector,0.5 ML dulaglutide 6 MG/ML Auto-Injector,0.5 ML dulaglutide 9 MG/ML Auto-Injector,dulaglutide 1.5 MG/ML,dulaglutide 3 MG/ML,dulaglutide 6 MG/ML,dulaglutide 9 MG/ML,dulaglutide Auto-Injector,dulaglutide Injectable Product",>=min,TRUE,9.5-10.0
LIRAGLUTIDE INJECTION,14.019425493717195,liraglutide Injectable Product,"Saxenda,Victoza,Pen Injector,Injectable Product,liraglutide,3 ML liraglutide 6 MG/ML Pen Injector [Saxenda],3 ML liraglutide 6 MG/ML Pen Injector [Victoza],liraglutide 6 MG/ML [Saxenda],liraglutide 6 MG/ML [Victoza],liraglutide Pen Injector [Victoza],liraglutide Pen Injector [Saxenda],Victoza Injectable Product,Saxenda Injectable Product,3 ML liraglutide 6 MG/ML Pen Injector,liraglutide 6 MG/ML,liraglutide Pen Injector,liraglutide Injectable Product",>=min,TRUE,9.5-10.0
"EXENATIDE PEN, DISPOSABLE DEVICE",16.015384674072266,exenatide Pen Injector,"Byetta,Pen Injector,Injectable Product,exenatide,60 ACTUAT exenatide 0.01 MG/ACTUAT Pen Injector [Byetta],60 ACTUAT exenatide 0.005 MG/ACTUAT Pen Injector [Byetta],exenatide 0.01 MG/ACTUAT [Byetta],exenatide 0.005 MG/ACTUAT [Byetta],exenatide Pen Injector [Byetta],Byetta Injectable Product,Bydureon Injectable Product,60 ACTUAT exenatide 0.01 MG/ACTUAT Pen Injector,60 ACTUAT exenatide 0.005 MG/ACTUAT Pen Injector,exenatide 0.01 MG/ACTUAT,exenatide 0.005 MG/ACTUAT,exenatide Pen Injector,exenatide Injectable Product",>=min,TRUE,9.5-10.0
WEGOVY (SEMAGLUTIDE) 0.25MG/0.5ML,17.714295648902418,0.5 ML semaglutide 0.5 MG/ML Auto-Injector [Wegovy],"Wegovy,Auto-Injector,Injectable Product,semaglutide,0.5 ML semaglutide 0.5 MG/ML Auto-Injector [Wegovy],semaglutide 0.5 MG/ML [Wegovy],semaglutide Auto-Injector [Wegovy],Wegovy Injectable Product,0.5 ML semaglutide 0.5 MG/ML Auto-Injector,semaglutide 0.5 MG/ML,semaglutide Auto-Injector,semaglutide Injectable Product",>=min,TRUE,9.5-10.0
XULTOPHY SOP,15.077795028686523,Xultophy,"Xultophy,Pen Injector,Injectable Product,insulin degludec,liraglutide,insulin degludec / liraglutide,3 ML insulin degludec 100 UNT/ML / liraglutide 3.6 MG/ML Pen Injector [Xultophy],insulin degludec 100 UNT/ML / liraglutide 3.6 MG/ML [Xultophy],insulin degludec / liraglutide Pen Injector [Xultophy],Xultophy Injectable Product,3 ML insulin degludec 100 UNT/ML / liraglutide 3.6 MG/ML Pen Injector,insulin degludec 100 UNT/ML,liraglutide 3.6 MG/ML,insulin degludec / liraglutide Pen Injector,insulin degludec / liraglutide Injectable Product",>=min,TRUE,9.5-10.0
VICTOZA? (LIRAGLUTIDE [RDNA ORIGIN] INJECTION),19.901973724365234,liraglutide,liraglutide,>=min,TRUE,9.5-10.0
INSULIN-GLARGINE/LIXISENATIDE,29.595903396606445,insulin glargine / lixisenatide,"Soliqua,Pen Injector,Injectable Product,lixisenatide,insulin glargine,insulin glargine / lixisenatide,3 ML insulin glargine 100 UNT/ML / lixisenatide 0.033 MG/ML Pen Injector [Soliqua],insulin glargine 100 UNT/ML / lixisenatide 0.033 MG/ML [Soliqua],insulin glargine / lixisenatide Pen Injector [Soliqua],Soliqua Injectable Product,3 ML insulin glargine 100 UNT/ML / lixisenatide 0.033 MG/ML Pen Injector,lixisenatide 0.033 MG/ML,insulin glargine 100 UNT/ML,insulin glargine / lixisenatide Pen Injector,insulin glargine / lixisenatide Injectable Product",>=min,TRUE,9.5-10.0
"LIRAGLUTIDE (LIRAGLUTIDE (VICTOZA) 6MG/ML INJ, SOLN, PEN, 3ML",26.38747215270996,3 ML liraglutide 6 MG/ML Pen Injector [Victoza],"Victoza,Pen Injector,Injectable Product,liraglutide,3 ML liraglutide 6 MG/ML Pen Injector [Victoza],liraglutide 6 MG/ML [Victoza],liraglutide Pen Injector [Victoza],Victoza Injectable Product,3 ML liraglutide 6 MG/ML Pen Injector,liraglutide 6 MG/ML,liraglutide Pen Injector,liraglutide Injectable Product",>=min,TRUE,9.5-10.0
PYRIDOXINE\TIRZEPATIDE,12.608393669128418,tirzepatide,tirzepatide,>=min,TRUE,9.5-10.0
INJECTION OF VICTOZA,15.08281135559082,Victoza Injectable Product,"Victoza,Pen Injector,Injectable Product,liraglutide,3 ML liraglutide 6 MG/ML Pen Injector [Victoza],liraglutide 6 MG/ML [Victoza],liraglutide Pen Injector [Victoza],Victoza Injectable Product,3 ML liraglutide 6 MG/ML Pen Injector,liraglutide 6 MG/ML,liraglutide Pen Injector,liraglutide Injectable Product",>=min,TRUE,9.5-10.0
"DULAGLUTIDE (DULAGLUTIDE 0.75MG/0.5ML INJ, SOLN PEN)",22.810245513916016,0.5 ML dulaglutide 1.5 MG/ML Auto-Injector,"Trulicity,Auto-Injector,Injectable Product,dulaglutide,0.5 ML dulaglutide 1.5 MG/ML Auto-Injector [Trulicity],dulaglutide 1.5 MG/ML [Trulicity],dulaglutide Auto-Injector [Trulicity],Trulicity Injectable Product,0.5 ML dulaglutide 1.5 MG/ML Auto-Injector,dulaglutide 1.5 MG/ML,dulaglutide Auto-Injector,dulaglutide Injectable Product",>=min,TRUE,9.5-10.0
MOUNJARO AUTOINJECTOR 2.5M,11.476278305053711,Mounjaro,"Mounjaro,Auto-Injector,Injection,Injectable Product,tirzepatide,0.5 ML tirzepatide 10 MG/ML Auto-Injector [Mounjaro],0.5 ML tirzepatide 30 MG/ML Auto-Injector [Mounjaro],0.5 ML tirzepatide 5 MG/ML Auto-Injector [Mounjaro],0.5 ML tirzepatide 20 MG/ML Auto-Injector [Mounjaro],0.5 ML tirzepatide 25 MG/ML Auto-Injector [Mounjaro],0.5 ML tirzepatide 15 MG/ML Auto-Injector [Mounjaro],0.5 ML tirzepatide 15 MG/ML Injection [Mounjaro],0.5 ML tirzepatide 10 MG/ML Injection [Mounjaro],0.5 ML tirzepatide 5 MG/ML Injection [Mounjaro],0.5 ML tirzepatide 30 MG/ML Injection [Mounjaro],0.5 ML tirzepatide 25 MG/ML Injection [Mounjaro],0.5 ML tirzepatide 20 MG/ML Injection [Mounjaro],tirzepatide 10 MG/ML [Mounjaro],tirzepatide 30 MG/ML [Mounjaro],tirzepatide 5 MG/ML [Mounjaro],tirzepatide 20 MG/ML [Mounjaro],tirzepatide 25 MG/ML [Mounjaro],tirzepatide 15 MG/ML [Mounjaro],tirzepatide Auto-Injector [Mounjaro],tirzepatide Injection [Mounjaro],Mounjaro Injectable Product,0.5 ML tirzepatide 10 MG/ML Auto-Injector,0.5 ML tirzepatide 30 MG/ML Auto-Injector,0.5 ML tirzepatide 5 MG/ML Auto-Injector,0.5 ML tirzepatide 20 MG/ML Auto-Injector,0.5 ML tirzepatide 25 MG/ML Auto-Injector,0.5 ML tirzepatide 15 MG/ML Auto-Injector,0.5 ML tirzepatide 15 MG/ML Injection,0.5 ML tirzepatide 10 MG/ML Injection,0.5 ML tirzepatide 5 MG/ML Injection,0.5 ML tirzepatide 30 MG/ML Injection,0.5 ML tirzepatide 25 MG/ML Injection,0.5 ML tirzepatide 20 MG/ML Injection,tirzepatide 10 MG/ML,tirzepatide 30 MG/ML,tirzepatide 5 MG/ML,tirzepatide 20 MG/ML,tirzepatide 25 MG/ML,tirzepatide 15 MG/ML,tirzepatide Auto-Injector,tirzepatide Injection,tirzepatide Injectable Product",>=min,TRUE,9.5-10.0
RYBELSUS TAB,14.149604797363281,Rybelsus,"Rybelsus,Oral Tablet,Oral Product,Pill,semaglutide,semaglutide 14 MG Oral Tablet [Rybelsus],semaglutide 3 MG Oral Tablet [Rybelsus],semaglutide 7 MG Oral Tablet [Rybelsus],semaglutide 1.5 MG Oral Tablet [Rybelsus],semaglutide 4 MG Oral Tablet [Rybelsus],semaglutide 9 MG Oral Tablet [Rybelsus],semaglutide 14 MG [Rybelsus],semaglutide 3 MG [Rybelsus],semaglutide 7 MG [Rybelsus],semaglutide 1.5 MG [Rybelsus],semaglutide 4 MG [Rybelsus],semaglutide 9 MG [Rybelsus],semaglutide Oral Tablet [Rybelsus],Rybelsus Oral Product,Rybelsus Pill,semaglutide 14 MG Oral Tablet,semaglutide 3 MG Oral Tablet,semaglutide 7 MG Oral Tablet,semaglutide 1.5 MG Oral Tablet,semaglutide 4 MG Oral Tablet,semaglutide 9 MG Oral Tablet,semaglutide 14 MG,semaglutide 3 MG,semaglutide 7 MG,semaglutide 1.5 MG,semaglutide 4 MG,semaglutide 9 MG,semaglutide Oral Tablet,semaglutide Oral Product,semaglutide Pill",>=min,TRUE,9.5-10.0
TRULICITY 1.5 MG/0.5ML SOLUTION PEN-INJECTOR,16.981456756591797,0.5 ML dulaglutide 3 MG/ML Auto-Injector [Trulicity],"Trulicity,Auto-Injector,Injectable Product,dulaglutide,0.5 ML dulaglutide 3 MG/ML Auto-Injector [Trulicity],dulaglutide 3 MG/ML [Trulicity],dulaglutide Auto-Injector [Trulicity],Trulicity Injectable Product,0.5 ML dulaglutide 3 MG/ML Auto-Injector,dulaglutide 3 MG/ML,dulaglutide Auto-Injector,dulaglutide Injectable Product",>=min,TRUE,9.5-10.0
SEMAGLUTIDE 1 MG,11.219141003131867,semaglutide 1 MG/ML,"Wegovy,Auto-Injector,Injectable Product,semaglutide,0.5 ML semaglutide 1 MG/ML Auto-Injector [Wegovy],semaglutide 1 MG/ML [Wegovy],semaglutide Auto-Injector [Wegovy],Wegovy Injectable Product,0.5 ML semaglutide 1 MG/ML Auto-Injector,semaglutide 1 MG/ML,semaglutide Auto-Injector,semaglutide Injectable Product",>=min,TRUE,9.5-10.0
"VICTOZA, JANUVIA, METFORMIN, EFFEXOR, ADVAIR, SIMBICORT",14.718400955200195,Victoza,"Victoza,Pen Injector,Injectable Product,liraglutide,3 ML liraglutide 6 MG/ML Pen Injector [Victoza],liraglutide 6 MG/ML [Victoza],liraglutide Pen Injector [Victoza],Victoza Injectable Product,3 ML liraglutide 6 MG/ML Pen Injector,liraglutide 6 MG/ML,liraglutide Pen Injector,liraglutide Injectable Product",>=min,TRUE,9.5-10.0
EXENATIDE,13.48706055,exenatide,exenatide,>=min,TRUE,9.5-10.0
DULAGLUTIDE,13.611541748046875,dulaglutide,dulaglutide,>=min,TRUE,9.5-10.0
MOUNJARO ONCE WEEKLY 5MG,11.476278305053711,Mounjaro,"Mounjaro,Auto-Injector,Injection,Injectable Product,tirzepatide,0.5 ML tirzepatide 10 MG/ML Auto-Injector [Mounjaro],0.5 ML tirzepatide 30 MG/ML Auto-Injector [Mounjaro],0.5 ML tirzepatide 5 MG/ML Auto-Injector [Mounjaro],0.5 ML tirzepatide 20 MG/ML Auto-Injector [Mounjaro],0.5 ML tirzepatide 25 MG/ML Auto-Injector [Mounjaro],0.5 ML tirzepatide 15 MG/ML Auto-Injector [Mounjaro],0.5 ML tirzepatide 15 MG/ML Injection [Mounjaro],0.5 ML tirzepatide 10 MG/ML Injection [Mounjaro],0.5 ML tirzepatide 5 MG/ML Injection [Mounjaro],0.5 ML tirzepatide 30 MG/ML Injection [Mounjaro],0.5 ML tirzepatide 25 MG/ML Injection [Mounjaro],0.5 ML tirzepatide 20 MG/ML Injection [Mounjaro],tirzepatide 10 MG/ML [Mounjaro],tirzepatide 30 MG/ML [Mounjaro],tirzepatide 5 MG/ML [Mounjaro],tirzepatide 20 MG/ML [Mounjaro],tirzepatide 25 MG/ML [Mounjaro],tirzepatide 15 MG/ML [Mounjaro],tirzepatide Auto-Injector [Mounjaro],tirzepatide Injection [Mounjaro],Mounjaro Injectable Product,0.5 ML tirzepatide 10 MG/ML Auto-Injector,0.5 ML tirzepatide 30 MG/ML Auto-Injector,0.5 ML tirzepatide 5 MG/ML Auto-Injector,0.5 ML tirzepatide 20 MG/ML Auto-Injector,0.5 ML tirzepatide 25 MG/ML Auto-Injector,0.5 ML tirzepatide 15 MG/ML Auto-Injector,0.5 ML tirzepatide 15 MG/ML Injection,0.5 ML tirzepatide 10 MG/ML Injection,0.5 ML tirzepatide 5 MG/ML Injection,0.5 ML tirzepatide 30 MG/ML Injection,0.5 ML tirzepatide 25 MG/ML Injection,0.5 ML tirzepatide 20 MG/ML Injection,tirzepatide 10 MG/ML,tirzepatide 30 MG/ML,tirzepatide 5 MG/ML,tirzepatide 20 MG/ML,tirzepatide 25 MG/ML,tirzepatide 15 MG/ML,tirzepatide Auto-Injector,tirzepatide Injection,tirzepatide Injectable Product",>=min,TRUE,9.5-10.0
WEGOVY/OZEMPIC,14.046144485473633,Ozempic,"Ozempic,Pen Injector,Injectable Product,semaglutide,0.25 MG, 0.5 MG Dose 1.5 ML semaglutide 1.34 MG/ML Pen Injector [Ozempic],1 MG Dose 1.5 ML semaglutide 1.34 MG/ML Pen Injector [Ozempic],3 ML semaglutide 1.34 MG/ML Pen Injector [Ozempic],3 ML semaglutide 2.68 MG/ML Pen Injector [Ozempic],0.25 MG, 0.5 MG Dose 3 ML semaglutide 0.68 MG/ML Pen Injector [Ozempic],semaglutide 1.34 MG/ML [Ozempic],semaglutide 2.68 MG/ML [Ozempic],semaglutide 0.68 MG/ML [Ozempic],semaglutide Pen Injector [Ozempic],Ozempic Injectable Product,0.25 MG, 0.5 MG Dose 1.5 ML semaglutide 1.34 MG/ML Pen Injector,1 MG Dose 1.5 ML semaglutide 1.34 MG/ML Pen Injector,3 ML semaglutide 1.34 MG/ML Pen Injector,3 ML semaglutide 2.68 MG/ML Pen Injector,0.25 MG, 0.5 MG Dose 3 ML semaglutide 0.68 MG/ML Pen Injector,semaglutide 1.34 MG/ML,semaglutide 2.68 MG/ML,semaglutide 0.68 MG/ML,semaglutide Pen Injector,semaglutide Injectable Product",>=min,TRUE,9.5-10.0
MOUNJARO INJ 10MG/0.5,14.103216749928952,0.5 ML tirzepatide 10 MG/ML Injection [Mounjaro],"Mounjaro,Injection,Injectable Product,tirzepatide,0.5 ML tirzepatide 10 MG/ML Injection [Mounjaro],tirzepatide 10 MG/ML [Mounjaro],tirzepatide Injection [Mounjaro],Mounjaro Injectable Product,0.5 ML tirzepatide 10 MG/ML Injection,tirzepatide 10 MG/ML,tirzepatide Injection,tirzepatide Injectable Product",>=min,TRUE,9.5-10.0
TRULICITY HYDROCHLOROTHIAZIDE,14.034219741821289,Trulicity,"Trulicity,Auto-Injector,Injectable Product,dulaglutide,0.5 ML dulaglutide 1.5 MG/ML Auto-Injector [Trulicity],0.5 ML dulaglutide 3 MG/ML Auto-Injector [Trulicity],0.5 ML dulaglutide 6 MG/ML Auto-Injector [Trulicity],0.5 ML dulaglutide 9 MG/ML Auto-Injector [Trulicity],dulaglutide 1.5 MG/ML [Trulicity],dulaglutide 3 MG/ML [Trulicity],dulaglutide 6 MG/ML [Trulicity],dulaglutide 9 MG/ML [Trulicity],dulaglutide Auto-Injector [Trulicity],Trulicity Injectable Product,0.5 ML dulaglutide 1.5 MG/ML Auto-Injector,0.5 ML dulaglutide 3 MG/ML Auto-Injector,0.5 ML dulaglutide 6 MG/ML Auto-Injector,0.5 ML dulaglutide 9 MG/ML Auto-Injector,dulaglutide 1.5 MG/ML,dulaglutide 3 MG/ML,dulaglutide 6 MG/ML,dulaglutide 9 MG/ML,dulaglutide Auto-Injector,dulaglutide Injectable Product",>=min,TRUE,9.5-10.0
TRULICITY SUBCUTANEOUS SOLUTION,14.034219741821289,Trulicity,"Trulicity,Auto-Injector,Injectable Product,dulaglutide,0.5 ML dulaglutide 1.5 MG/ML Auto-Injector [Trulicity],0.5 ML dulaglutide 3 MG/ML Auto-Injector [Trulicity],0.5 ML dulaglutide 6 MG/ML Auto-Injector [Trulicity],0.5 ML dulaglutide 9 MG/ML Auto-Injector [Trulicity],dulaglutide 1.5 MG/ML [Trulicity],dulaglutide 3 MG/ML [Trulicity],dulaglutide 6 MG/ML [Trulicity],dulaglutide 9 MG/ML [Trulicity],dulaglutide Auto-Injector [Trulicity],Trulicity Injectable Product,0.5 ML dulaglutide 1.5 MG/ML Auto-Injector,0.5 ML dulaglutide 3 MG/ML Auto-Injector,0.5 ML dulaglutide 6 MG/ML Auto-Injector,0.5 ML dulaglutide 9 MG/ML Auto-Injector,dulaglutide 1.5 MG/ML,dulaglutide 3 MG/ML,dulaglutide 6 MG/ML,dulaglutide 9 MG/ML,dulaglutide Auto-Injector,dulaglutide Injectable Product",>=min,TRUE,9.5-10.0
LIRAGLUTIDE FLEXPEN (LIRAGLUTIDE),19.96329689025879,liraglutide,liraglutide,>=min,TRUE,9.5-10.0
DULAGLUTIDE (TRULICITY) 1.5 MG SC WEEKLY,16.937959671020508,dulaglutide 1.5 MG/ML [Trulicity],"Trulicity,Auto-Injector,Injectable Product,dulaglutide,0.5 ML dulaglutide 1.5 MG/ML Auto-Injector [Trulicity],dulaglutide 1.5 MG/ML [Trulicity],dulaglutide Auto-Injector [Trulicity],Trulicity Injectable Product,0.5 ML dulaglutide 1.5 MG/ML Auto-Injector,dulaglutide 1.5 MG/ML,dulaglutide Auto-Injector,dulaglutide Injectable Product",>=min,TRUE,9.5-10.0
SEMAGLUTIDE METFORMIN,12.885526657104492,semaglutide,semaglutide,>=min,TRUE,9.5-10.0
SEMAGLUTID NOVO NORDISK,12.885526657104492,semaglutide,semaglutide,>=min,TRUE,9.5-10.0
TRULICITY 0.75 MG Q7 DAYS,12.28657062149048,0.5 ML dulaglutide 1.5 MG/ML Auto-Injector [Trulicity],"Trulicity,Auto-Injector,Injectable Product,dulaglutide,0.5 ML dulaglutide 1.5 MG/ML Auto-Injector [Trulicity],dulaglutide 1.5 MG/ML [Trulicity],dulaglutide Auto-Injector [Trulicity],Trulicity Injectable Product,0.5 ML dulaglutide 1.5 MG/ML Auto-Injector,dulaglutide 1.5 MG/ML,dulaglutide Auto-Injector,dulaglutide Injectable Product",>=min,TRUE,9.5-10.0
"DULAGLUTIDE (DULAGLUTIDE 0.75MG/0.5ML INJ, SOLN,PEN)",22.810245513916016,0.5 ML dulaglutide 1.5 MG/ML Auto-Injector,"Trulicity,Auto-Injector,Injectable Product,dulaglutide,0.5 ML dulaglutide 1.5 MG/ML Auto-Injector [Trulicity],dulaglutide 1.5 MG/ML [Trulicity],dulaglutide Auto-Injector [Trulicity],Trulicity Injectable Product,0.5 ML dulaglutide 1.5 MG/ML Auto-Injector,dulaglutide 1.5 MG/ML,dulaglutide Auto-Injector,dulaglutide Injectable Product",>=min,TRUE,9.5-10.0
SEMAGLUTIDE COMPOUNDED,12.885526657104492,semaglutide,semaglutide,>=min,TRUE,9.5-10.0
OZEMPIC 0.25 MG WEEKLY,12.046144485473633,Ozempic,"Ozempic,Pen Injector,Injectable Product,semaglutide,0.25 MG, 0.5 MG Dose 1.5 ML semaglutide 1.34 MG/ML Pen Injector [Ozempic],1 MG Dose 1.5 ML semaglutide 1.34 MG/ML Pen Injector [Ozempic],3 ML semaglutide 1.34 MG/ML Pen Injector [Ozempic],3 ML semaglutide 2.68 MG/ML Pen Injector [Ozempic],0.25 MG, 0.5 MG Dose 3 ML semaglutide 0.68 MG/ML Pen Injector [Ozempic],semaglutide 1.34 MG/ML [Ozempic],semaglutide 2.68 MG/ML [Ozempic],semaglutide 0.68 MG/ML [Ozempic],semaglutide Pen Injector [Ozempic],Ozempic Injectable Product,0.25 MG, 0.5 MG Dose 1.5 ML semaglutide 1.34 MG/ML Pen Injector,1 MG Dose 1.5 ML semaglutide 1.34 MG/ML Pen Injector,3 ML semaglutide 1.34 MG/ML Pen Injector,3 ML semaglutide 2.68 MG/ML Pen Injector,0.25 MG, 0.5 MG Dose 3 ML semaglutide 0.68 MG/ML Pen Injector,semaglutide 1.34 MG/ML,semaglutide 2.68 MG/ML,semaglutide 0.68 MG/ML,semaglutide Pen Injector,semaglutide Injectable Product",>=min,TRUE,9.5-10.0
DULAGLUTIDE INJECTOR,16.132687526053907,dulaglutide Auto-Injector,"Trulicity,Auto-Injector,Injectable Product,dulaglutide,0.5 ML dulaglutide 1.5 MG/ML Auto-Injector [Trulicity],0.5 ML dulaglutide 3 MG/ML Auto-Injector [Trulicity],0.5 ML dulaglutide 6 MG/ML Auto-Injector [Trulicity],0.5 ML dulaglutide 9 MG/ML Auto-Injector [Trulicity],dulaglutide 1.5 MG/ML [Trulicity],dulaglutide 3 MG/ML [Trulicity],dulaglutide 6 MG/ML [Trulicity],dulaglutide 9 MG/ML [Trulicity],dulaglutide Auto-Injector [Trulicity],Trulicity Injectable Product,0.5 ML dulaglutide 1.5 MG/ML Auto-Injector,0.5 ML dulaglutide 3 MG/ML Auto-Injector,0.5 ML dulaglutide 6 MG/ML Auto-Injector,0.5 ML dulaglutide 9 MG/ML Auto-Injector,dulaglutide 1.5 MG/ML,dulaglutide 3 MG/ML,dulaglutide 6 MG/ML,dulaglutide 9 MG/ML,dulaglutide Auto-Injector,dulaglutide Injectable Product",>=min,TRUE,9.5-10.0
DULAGLUTIDEV,9.091933250427246,dulaglutide,dulaglutide,>=min,TRUE,9.0-9.5
PANTOPRAZOLE/TRULICITY,14.034219741821289,Trulicity,"Trulicity,Auto-Injector,Injectable Product,dulaglutide,0.5 ML dulaglutide 1.5 MG/ML Auto-Injector [Trulicity],0.5 ML dulaglutide 3 MG/ML Auto-Injector [Trulicity],0.5 ML dulaglutide 6 MG/ML Auto-Injector [Trulicity],0.5 ML dulaglutide 9 MG/ML Auto-Injector [Trulicity],dulaglutide 1.5 MG/ML [Trulicity],dulaglutide 3 MG/ML [Trulicity],dulaglutide 6 MG/ML [Trulicity],dulaglutide 9 MG/ML [Trulicity],dulaglutide Auto-Injector [Trulicity],Trulicity Injectable Product,0.5 ML dulaglutide 1.5 MG/ML Auto-Injector,0.5 ML dulaglutide 3 MG/ML Auto-Injector,0.5 ML dulaglutide 6 MG/ML Auto-Injector,0.5 ML dulaglutide 9 MG/ML Auto-Injector,dulaglutide 1.5 MG/ML,dulaglutide 3 MG/ML,dulaglutide 6 MG/ML,dulaglutide 9 MG/ML,dulaglutide Auto-Injector,dulaglutide Injectable Product",>=min,TRUE,9.5-10.0
MOUNJARO INJ 7.5/0.5,14.71939660116482,0.5 ML tirzepatide 15 MG/ML Injection [Mounjaro],"Mounjaro,Injection,Injectable Product,tirzepatide,0.5 ML tirzepatide 15 MG/ML Injection [Mounjaro],tirzepatide 15 MG/ML [Mounjaro],tirzepatide Injection [Mounjaro],Mounjaro Injectable Product,0.5 ML tirzepatide 15 MG/ML Injection,tirzepatide 15 MG/ML,tirzepatide Injection,tirzepatide Injectable Product",>=min,TRUE,9.5-10.0
DULAGLUTIDE/DULAGLUTIDE,20.22308349609375,dulaglutide,dulaglutide,>=min,TRUE,9.5-10.0
DULAGLUTIDE ((MAMMIFERE/HAMSTER/CELLULES CHO)),13.611541748046875,dulaglutide,dulaglutide,>=min,TRUE,9.5-10.0
DULAGLUTIDE 1.5 MG WEEKLY,12.454204559326172,dulaglutide 1.5 MG/ML,"Trulicity,Auto-Injector,Injectable Product,dulaglutide,0.5 ML dulaglutide 1.5 MG/ML Auto-Injector [Trulicity],dulaglutide 1.5 MG/ML [Trulicity],dulaglutide Auto-Injector [Trulicity],Trulicity Injectable Product,0.5 ML dulaglutide 1.5 MG/ML Auto-Injector,dulaglutide 1.5 MG/ML,dulaglutide Auto-Injector,dulaglutide Injectable Product",>=min,TRUE,9.5-10.0
OZEMPIC 1MG PER DOSE (1X4MG PEN),15.813180791361598,1 MG Dose 1.5 ML semaglutide 1.34 MG/ML Pen Injector [Ozempic],"Ozempic,Pen Injector,Injectable Product,semaglutide,1 MG Dose 1.5 ML semaglutide 1.34 MG/ML Pen Injector [Ozempic],semaglutide 1.34 MG/ML [Ozempic],semaglutide Pen Injector [Ozempic],Ozempic Injectable Product,1 MG Dose 1.5 ML semaglutide 1.34 MG/ML Pen Injector,semaglutide 1.34 MG/ML,semaglutide Pen Injector,semaglutide Injectable Product",>=min,TRUE,9.5-10.0
TRULICITY INJ 0.75/0.5,14.773561977386475,0.5 ML dulaglutide 1.5 MG/ML Auto-Injector [Trulicity],"Trulicity,Auto-Injector,Injectable Product,dulaglutide,0.5 ML dulaglutide 1.5 MG/ML Auto-Injector [Trulicity],dulaglutide 1.5 MG/ML [Trulicity],dulaglutide Auto-Injector [Trulicity],Trulicity Injectable Product,0.5 ML dulaglutide 1.5 MG/ML Auto-Injector,dulaglutide 1.5 MG/ML,dulaglutide Auto-Injector,dulaglutide Injectable Product",>=min,TRUE,9.5-10.0
OZEMPIC Q,14.046144485473633,Ozempic,"Ozempic,Pen Injector,Injectable Product,semaglutide,0.25 MG, 0.5 MG Dose 1.5 ML semaglutide 1.34 MG/ML Pen Injector [Ozempic],1 MG Dose 1.5 ML semaglutide 1.34 MG/ML Pen Injector [Ozempic],3 ML semaglutide 1.34 MG/ML Pen Injector [Ozempic],3 ML semaglutide 2.68 MG/ML Pen Injector [Ozempic],0.25 MG, 0.5 MG Dose 3 ML semaglutide 0.68 MG/ML Pen Injector [Ozempic],semaglutide 1.34 MG/ML [Ozempic],semaglutide 2.68 MG/ML [Ozempic],semaglutide 0.68 MG/ML [Ozempic],semaglutide Pen Injector [Ozempic],Ozempic Injectable Product,0.25 MG, 0.5 MG Dose 1.5 ML semaglutide 1.34 MG/ML Pen Injector,1 MG Dose 1.5 ML semaglutide 1.34 MG/ML Pen Injector,3 ML semaglutide 1.34 MG/ML Pen Injector,3 ML semaglutide 2.68 MG/ML Pen Injector,0.25 MG, 0.5 MG Dose 3 ML semaglutide 0.68 MG/ML Pen Injector,semaglutide 1.34 MG/ML,semaglutide 2.68 MG/ML,semaglutide 0.68 MG/ML,semaglutide Pen Injector,semaglutide Injectable Product",>=min,TRUE,9.5-10.0
BYETTA INJ 10MCG,15.332333012104035,60 ACTUAT exenatide 0.01 MG/ACTUAT Pen Injector [Byetta],"Byetta,Pen Injector,Injectable Product,exenatide,60 ACTUAT exenatide 0.01 MG/ACTUAT Pen Injector [Byetta],exenatide 0.01 MG/ACTUAT [Byetta],exenatide Pen Injector [Byetta],Byetta Injectable Product,60 ACTUAT exenatide 0.01 MG/ACTUAT Pen Injector,exenatide 0.01 MG/ACTUAT,exenatide Pen Injector,exenatide Injectable Product",>=min,TRUE,9.5-10.0
ADLYXIN,14.577217102050781,Adlyxin,"Adlyxin,{1 (3 ML lixisenatide 0.05 MG/ML Pen Injector [Adlyxin]) / 1 (3 ML lixisenatide 0.1 MG/ML Pen Injector [Adlyxin]) } Pack [Adlyxin Starter Kit],Pen Injector,Injectable Product,{1 (3 ML lixisenatide 0.05 MG/ML Pen Injector) / 1 (3 ML lixisenatide 0.1 MG/ML Pen Injector) } Pack,lixisenatide,3 ML lixisenatide 0.05 MG/ML Pen Injector [Adlyxin],3 ML lixisenatide 0.1 MG/ML Pen Injector [Adlyxin],lixisenatide 0.05 MG/ML [Adlyxin],lixisenatide 0.1 MG/ML [Adlyxin],lixisenatide Pen Injector [Adlyxin],Adlyxin Injectable Product,3 ML lixisenatide 0.05 MG/ML Pen Injector,3 ML lixisenatide 0.1 MG/ML Pen Injector,lixisenatide 0.1 MG/ML,lixisenatide 0.05 MG/ML,lixisenatide Pen Injector,lixisenatide Injectable Product",>=min,TRUE,9.5-10.0
BLINDED SEMAGLUTIDE CT,12.885526657104492,semaglutide,semaglutide,>=min,TRUE,9.5-10.0
TRULICITY 0.75MG/0.5 PEN INJCTR,16.50561106031132,0.5 ML dulaglutide 1.5 MG/ML Auto-Injector [Trulicity],"Trulicity,Auto-Injector,Injectable Product,dulaglutide,0.5 ML dulaglutide 1.5 MG/ML Auto-Injector [Trulicity],dulaglutide 1.5 MG/ML [Trulicity],dulaglutide Auto-Injector [Trulicity],Trulicity Injectable Product,0.5 ML dulaglutide 1.5 MG/ML Auto-Injector,dulaglutide 1.5 MG/ML,dulaglutide Auto-Injector,dulaglutide Injectable Product",>=min,TRUE,9.5-10.0
SEMAGLUTIDE B 1.0 MG/ML,12.076038360595703,semaglutide 1 MG/ML,"Wegovy,Auto-Injector,Injectable Product,semaglutide,0.5 ML semaglutide 1 MG/ML Auto-Injector [Wegovy],semaglutide 1 MG/ML [Wegovy],semaglutide Auto-Injector [Wegovy],Wegovy Injectable Product,0.5 ML semaglutide 1 MG/ML Auto-Injector,semaglutide 1 MG/ML,semaglutide Auto-Injector,semaglutide Injectable Product",>=min,TRUE,9.5-10.0
TRULICITY (REPLACING JANUVIA),14.034219741821289,Trulicity,"Trulicity,Auto-Injector,Injectable Product,dulaglutide,0.5 ML dulaglutide 1.5 MG/ML Auto-Injector [Trulicity],0.5 ML dulaglutide 3 MG/ML Auto-Injector [Trulicity],0.5 ML dulaglutide 6 MG/ML Auto-Injector [Trulicity],0.5 ML dulaglutide 9 MG/ML Auto-Injector [Trulicity],dulaglutide 1.5 MG/ML [Trulicity],dulaglutide 3 MG/ML [Trulicity],dulaglutide 6 MG/ML [Trulicity],dulaglutide 9 MG/ML [Trulicity],dulaglutide Auto-Injector [Trulicity],Trulicity Injectable Product,0.5 ML dulaglutide 1.5 MG/ML Auto-Injector,0.5 ML dulaglutide 3 MG/ML Auto-Injector,0.5 ML dulaglutide 6 MG/ML Auto-Injector,0.5 ML dulaglutide 9 MG/ML Auto-Injector,dulaglutide 1.5 MG/ML,dulaglutide 3 MG/ML,dulaglutide 6 MG/ML,dulaglutide 9 MG/ML,dulaglutide Auto-Injector,dulaglutide Injectable Product",>=min,TRUE,9.5-10.0
CYANOCOBALAMIN\TIRZEPATIDE,12.608393669128418,tirzepatide,tirzepatide,>=min,TRUE,9.5-10.0
TRULICITY SOLUTION FOR INJECTION,14.498417854309082,Trulicity Injectable Product,"Trulicity,Auto-Injector,Injectable Product,dulaglutide,0.5 ML dulaglutide 1.5 MG/ML Auto-Injector [Trulicity],0.5 ML dulaglutide 3 MG/ML Auto-Injector [Trulicity],0.5 ML dulaglutide 6 MG/ML Auto-Injector [Trulicity],0.5 ML dulaglutide 9 MG/ML Auto-Injector [Trulicity],dulaglutide 1.5 MG/ML [Trulicity],dulaglutide 3 MG/ML [Trulicity],dulaglutide 6 MG/ML [Trulicity],dulaglutide 9 MG/ML [Trulicity],dulaglutide Auto-Injector [Trulicity],Trulicity Injectable Product,0.5 ML dulaglutide 1.5 MG/ML Auto-Injector,0.5 ML dulaglutide 3 MG/ML Auto-Injector,0.5 ML dulaglutide 6 MG/ML Auto-Injector,0.5 ML dulaglutide 9 MG/ML Auto-Injector,dulaglutide 1.5 MG/ML,dulaglutide 3 MG/ML,dulaglutide 6 MG/ML,dulaglutide 9 MG/ML,dulaglutide Auto-Injector,dulaglutide Injectable Product",>=min,TRUE,9.5-10.0
MOUNJARO 5 MG/0.5 ML PEN INJECTOR,16.047672271728516,0.5 ML tirzepatide 5 MG/ML Auto-Injector [Mounjaro],"Mounjaro,Auto-Injector,Injectable Product,tirzepatide,0.5 ML tirzepatide 5 MG/ML Auto-Injector [Mounjaro],tirzepatide 5 MG/ML [Mounjaro],tirzepatide Auto-Injector [Mounjaro],Mounjaro Injectable Product,0.5 ML tirzepatide 5 MG/ML Auto-Injector,tirzepatide 5 MG/ML,tirzepatide Auto-Injector,tirzepatide Injectable Product",>=min,TRUE,9.5-10.0
OZEMPIC INJ 4MG/3ML,13.967473103644856,3 ML semaglutide 1.34 MG/ML Pen Injector [Ozempic],"Ozempic,Pen Injector,Injectable Product,semaglutide,3 ML semaglutide 1.34 MG/ML Pen Injector [Ozempic],semaglutide 1.34 MG/ML [Ozempic],semaglutide Pen Injector [Ozempic],Ozempic Injectable Product,3 ML semaglutide 1.34 MG/ML Pen Injector,semaglutide 1.34 MG/ML,semaglutide Pen Injector,semaglutide Injectable Product",>=min,TRUE,9.5-10.0
ZEPBOUND,13.470948219299316,Zepbound,"Zepbound,Auto-Injector,Injection,Injectable Product,tirzepatide,0.5 ML tirzepatide 5 MG/ML Auto-Injector [Zepbound],0.5 ML tirzepatide 10 MG/ML Auto-Injector [Zepbound],0.5 ML tirzepatide 15 MG/ML Auto-Injector [Zepbound],0.5 ML tirzepatide 20 MG/ML Auto-Injector [Zepbound],0.5 ML tirzepatide 25 MG/ML Auto-Injector [Zepbound],0.5 ML tirzepatide 30 MG/ML Auto-Injector [Zepbound],0.5 ML tirzepatide 20 MG/ML Injection [Zepbound],0.5 ML tirzepatide 25 MG/ML Injection [Zepbound],0.5 ML tirzepatide 30 MG/ML Injection [Zepbound],0.5 ML tirzepatide 5 MG/ML Injection [Zepbound],0.5 ML tirzepatide 10 MG/ML Injection [Zepbound],0.5 ML tirzepatide 15 MG/ML Injection [Zepbound],tirzepatide 5 MG/ML [Zepbound],tirzepatide 10 MG/ML [Zepbound],tirzepatide 15 MG/ML [Zepbound],tirzepatide 20 MG/ML [Zepbound],tirzepatide 25 MG/ML [Zepbound],tirzepatide 30 MG/ML [Zepbound],tirzepatide Auto-Injector [Zepbound],tirzepatide Injection [Zepbound],Zepbound Injectable Product,0.5 ML tirzepatide 10 MG/ML Auto-Injector,0.5 ML tirzepatide 30 MG/ML Auto-Injector,0.5 ML tirzepatide 5 MG/ML Auto-Injector,0.5 ML tirzepatide 20 MG/ML Auto-Injector,0.5 ML tirzepatide 25 MG/ML Auto-Injector,0.5 ML tirzepatide 15 MG/ML Auto-Injector,0.5 ML tirzepatide 15 MG/ML Injection,0.5 ML tirzepatide 10 MG/ML Injection,0.5 ML tirzepatide 5 MG/ML Injection,0.5 ML tirzepatide 30 MG/ML Injection,0.5 ML tirzepatide 25 MG/ML Injection,0.5 ML tirzepatide 20 MG/ML Injection,tirzepatide 10 MG/ML,tirzepatide 30 MG/ML,tirzepatide 5 MG/ML,tirzepatide 20 MG/ML,tirzepatide 25 MG/ML,tirzepatide 15 MG/ML,tirzepatide Auto-Injector,tirzepatide Injection,tirzepatide Injectable Product",>=min,TRUE,9.5-10.0
"TRAZODONE, TRULICITY",14.034219741821289,Trulicity,"Trulicity,Auto-Injector,Injectable Product,dulaglutide,0.5 ML dulaglutide 1.5 MG/ML Auto-Injector [Trulicity],0.5 ML dulaglutide 3 MG/ML Auto-Injector [Trulicity],0.5 ML dulaglutide 6 MG/ML Auto-Injector [Trulicity],0.5 ML dulaglutide 9 MG/ML Auto-Injector [Trulicity],dulaglutide 1.5 MG/ML [Trulicity],dulaglutide 3 MG/ML [Trulicity],dulaglutide 6 MG/ML [Trulicity],dulaglutide 9 MG/ML [Trulicity],dulaglutide Auto-Injector [Trulicity],Trulicity Injectable Product,0.5 ML dulaglutide 1.5 MG/ML Auto-Injector,0.5 ML dulaglutide 3 MG/ML Auto-Injector,0.5 ML dulaglutide 6 MG/ML Auto-Injector,0.5 ML dulaglutide 9 MG/ML Auto-Injector,dulaglutide 1.5 MG/ML,dulaglutide 3 MG/ML,dulaglutide 6 MG/ML,dulaglutide 9 MG/ML,dulaglutide Auto-Injector,dulaglutide Injectable Product",>=min,TRUE,9.5-10.0
BLINDED LIRAGLUTIDE 6MG/ML PDS290,13.656949043273926,liraglutide 6 MG/ML,"Saxenda,Victoza,Pen Injector,Injectable Product,liraglutide,3 ML liraglutide 6 MG/ML Pen Injector [Saxenda],3 ML liraglutide 6 MG/ML Pen Injector [Victoza],liraglutide 6 MG/ML [Saxenda],liraglutide 6 MG/ML [Victoza],liraglutide Pen Injector [Victoza],liraglutide Pen Injector [Saxenda],Victoza Injectable Product,Saxenda Injectable Product,3 ML liraglutide 6 MG/ML Pen Injector,liraglutide 6 MG/ML,liraglutide Pen Injector,liraglutide Injectable Product",>=min,TRUE,9.5-10.0
"DULAGLUTIDE (DULAGLUTIDE 0.75MG/0.5ML INJ, SOLN, PEN",22.810245513916016,0.5 ML dulaglutide 1.5 MG/ML Auto-Injector,"Trulicity,Auto-Injector,Injectable Product,dulaglutide,0.5 ML dulaglutide 1.5 MG/ML Auto-Injector [Trulicity],dulaglutide 1.5 MG/ML [Trulicity],dulaglutide Auto-Injector [Trulicity],Trulicity Injectable Product,0.5 ML dulaglutide 1.5 MG/ML Auto-Injector,dulaglutide 1.5 MG/ML,dulaglutide Auto-Injector,dulaglutide Injectable Product",>=min,TRUE,9.5-10.0
BYETTA SUBCUTANEOUS INJECTION 5 MICRO GRAM PEN 300,15.961871147155762,60 ACTUAT exenatide 0.005 MG/ACTUAT Pen Injector [Byetta],"Byetta,Pen Injector,Injectable Product,exenatide,60 ACTUAT exenatide 0.005 MG/ACTUAT Pen Injector [Byetta],exenatide 0.005 MG/ACTUAT [Byetta],exenatide Pen Injector [Byetta],Byetta Injectable Product,60 ACTUAT exenatide 0.005 MG/ACTUAT Pen Injector,exenatide 0.005 MG/ACTUAT,exenatide Pen Injector,exenatide Injectable Product",>=min,TRUE,9.5-10.0
MONJAURO (TIRZEPATIDE),12.608393669128418,tirzepatide,tirzepatide,>=min,TRUE,9.5-10.0
EXENATIDE (BYDUREON),18.795398712158203,exenatide Injection [Bydureon],"Bydureon,Injection,Injectable Product,exenatide,exenatide 2 MG Injection [Bydureon],exenatide 2 MG [Bydureon],exenatide Injection [Bydureon],Bydureon Injectable Product,exenatide 2 MG Injection,exenatide 2 MG,exenatide Injection,exenatide Injectable Product",>=min,TRUE,9.5-10.0
C-PAP TRULICITY,14.034219741821289,Trulicity,"Trulicity,Auto-Injector,Injectable Product,dulaglutide,0.5 ML dulaglutide 1.5 MG/ML Auto-Injector [Trulicity],0.5 ML dulaglutide 3 MG/ML Auto-Injector [Trulicity],0.5 ML dulaglutide 6 MG/ML Auto-Injector [Trulicity],0.5 ML dulaglutide 9 MG/ML Auto-Injector [Trulicity],dulaglutide 1.5 MG/ML [Trulicity],dulaglutide 3 MG/ML [Trulicity],dulaglutide 6 MG/ML [Trulicity],dulaglutide 9 MG/ML [Trulicity],dulaglutide Auto-Injector [Trulicity],Trulicity Injectable Product,0.5 ML dulaglutide 1.5 MG/ML Auto-Injector,0.5 ML dulaglutide 3 MG/ML Auto-Injector,0.5 ML dulaglutide 6 MG/ML Auto-Injector,0.5 ML dulaglutide 9 MG/ML Auto-Injector,dulaglutide 1.5 MG/ML,dulaglutide 3 MG/ML,dulaglutide 6 MG/ML,dulaglutide 9 MG/ML,dulaglutide Auto-Injector,dulaglutide Injectable Product",>=min,TRUE,9.5-10.0
"OZEMPIC 0.5 MG, SOLUTION INJECTABLE SOLUTION FOR INJECTION IN PRE-FILL",22.717136764526366,0.5 ML Neisseria meningitidis serogroup A capsular polysaccharide diphtheria toxoid protein conjugate vaccine 0.104 MG/ML / Neisseria meningitidis serogroup C capsular polysaccharide diphtheria toxoid protein conjugate vaccine 0.104 MG/ML / Neisseria meningitidis serogroup W-135 capsular polysaccharide diphtheria toxoid protein conjugate vaccine 0.104 MG/ML / Neisseria meningitidis serogroup Y capsular polysaccharide diphtheria toxoid protein conjugate vaccine 0.104 MG/ML Prefilled Syringe [Menactra],"Menactra,Prefilled Syringe,Injectable Product,Neisseria meningitidis serogroup A capsular polysaccharide diphtheria toxoid protein conjugate vaccine,Neisseria meningitidis serogroup C capsular polysaccharide diphtheria toxoid protein conjugate vaccine,Neisseria meningitidis serogroup W-135 capsular polysaccharide diphtheria toxoid protein conjugate vaccine,Neisseria meningitidis serogroup Y capsular polysaccharide diphtheria toxoid protein conjugate vaccine,Neisseria meningitidis serogroup A capsular polysaccharide diphtheria toxoid protein conjugate vaccine / Neisseria meningitidis serogroup C capsular polysaccharide diphtheria toxoid protein conjugate vaccine / Neisseria meningitidis serogroup W-135 capsular polysaccharide diphtheria toxoid protein conjugate vaccine / Neisseria meningitidis serogroup Y capsular polysaccharide diphtheria toxoid protein conjugate vaccine,0.5 ML Neisseria meningitidis serogroup A capsular polysaccharide diphtheria toxoid protein conjugate vaccine 0.104 MG/ML / Neisseria meningitidis serogroup C capsular polysaccharide diphtheria toxoid protein conjugate vaccine 0.104 MG/ML / Neisseria meningitidis serogroup W-135 capsular polysaccharide diphtheria toxoid protein conjugate vaccine 0.104 MG/ML / Neisseria meningitidis serogroup Y capsular polysaccharide diphtheria toxoid protein conjugate vaccine 0.104 MG/ML Prefilled Syringe [Menactra],Neisseria meningitidis serogroup A capsular polysaccharide diphtheria toxoid protein conjugate vaccine 0.104 MG/ML / Neisseria meningitidis serogroup C capsular polysaccharide diphtheria toxoid protein conjugate vaccine 0.104 MG/ML / Neisseria meningitidis serogroup W-135 capsular polysaccharide diphtheria toxoid protein conjugate vaccine 0.104 MG/ML / Neisseria meningitidis serogroup Y capsular polysaccharide diphtheria toxoid protein conjugate vaccine 0.104 MG/ML [Menactra],Neisseria meningitidis serogroup A capsular polysaccharide diphtheria toxoid protein conjugate vaccine / Neisseria meningitidis serogroup C capsular polysaccharide diphtheria toxoid protein conjugate vaccine / Neisseria meningitidis serogroup W-135 capsular polysaccharide diphtheria toxoid protein conjugate vaccine / Neisseria meningitidis serogroup Y capsular polysaccharide diphtheria toxoid protein conjugate vaccine Prefilled Syringe [Menactra],Menactra Injectable Product,0.5 ML Neisseria meningitidis serogroup A capsular polysaccharide diphtheria toxoid protein conjugate vaccine 0.104 MG/ML / Neisseria meningitidis serogroup C capsular polysaccharide diphtheria toxoid protein conjugate vaccine 0.104 MG/ML / Neisseria meningitidis serogroup W-135 capsular polysaccharide diphtheria toxoid protein conjugate vaccine 0.104 MG/ML / Neisseria meningitidis serogroup Y capsular polysaccharide diphtheria toxoid protein conjugate vaccine 0.104 MG/ML Prefilled Syringe,Neisseria meningitidis serogroup A capsular polysaccharide diphtheria toxoid protein conjugate vaccine 0.104 MG/ML,Neisseria meningitidis serogroup C capsular polysaccharide diphtheria toxoid protein conjugate vaccine 0.104 MG/ML,Neisseria meningitidis serogroup W-135 capsular polysaccharide diphtheria toxoid protein conjugate vaccine 0.104 MG/ML,Neisseria meningitidis serogroup Y capsular polysaccharide diphtheria toxoid protein conjugate vaccine 0.104 MG/ML,Neisseria meningitidis serogroup A capsular polysaccharide diphtheria toxoid protein conjugate vaccine / Neisseria meningitidis serogroup C capsular polysaccharide diphtheria toxoid protein conjugate vaccine / Neisseria meningitidis serogroup W-135 capsular polysaccharide diphtheria toxoid protein conjugate vaccine / Neisseria meningitidis serogroup Y capsular polysaccharide diphtheria toxoid protein conjugate vaccine Prefilled Syringe,Neisseria meningitidis serogroup A capsular polysaccharide diphtheria toxoid protein conjugate vaccine / Neisseria meningitidis serogroup C capsular polysaccharide diphtheria toxoid protein conjugate vaccine / Neisseria meningitidis serogroup W-135 capsular polysaccharide diphtheria toxoid protein conjugate vaccine / Neisseria meningitidis serogroup Y capsular polysaccharide diphtheria toxoid protein conjugate vaccine Injectable Product",>=min,TRUE,9.5-10.0
"LIRAGLUTIDE, 0.6/0.1 MG/ML",13.57531452178955,liraglutide 6 MG/ML,"Saxenda,Victoza,Pen Injector,Injectable Product,liraglutide,3 ML liraglutide 6 MG/ML Pen Injector [Saxenda],3 ML liraglutide 6 MG/ML Pen Injector [Victoza],liraglutide 6 MG/ML [Saxenda],liraglutide 6 MG/ML [Victoza],liraglutide Pen Injector [Victoza],liraglutide Pen Injector [Saxenda],Victoza Injectable Product,Saxenda Injectable Product,3 ML liraglutide 6 MG/ML Pen Injector,liraglutide 6 MG/ML,liraglutide Pen Injector,liraglutide Injectable Product",>=min,TRUE,9.5-10.0
SOLIQUA 100/33MCG PEN,15.206366119295414,3 ML insulin glargine 100 UNT/ML / lixisenatide 0.033 MG/ML Pen Injector [Soliqua],"Soliqua,Pen Injector,Injectable Product,lixisenatide,insulin glargine,insulin glargine / lixisenatide,3 ML insulin glargine 100 UNT/ML / lixisenatide 0.033 MG/ML Pen Injector [Soliqua],insulin glargine 100 UNT/ML / lixisenatide 0.033 MG/ML [Soliqua],insulin glargine / lixisenatide Pen Injector [Soliqua],Soliqua Injectable Product,3 ML insulin glargine 100 UNT/ML / lixisenatide 0.033 MG/ML Pen Injector,lixisenatide 0.033 MG/ML,insulin glargine 100 UNT/ML,insulin glargine / lixisenatide Pen Injector,insulin glargine / lixisenatide Injectable Product",>=min,TRUE,9.5-10.0
VICTOZA 1.8 METFORMIN HCI 24HR 500 MG,12.718400955200195,Victoza,"Victoza,Pen Injector,Injectable Product,liraglutide,3 ML liraglutide 6 MG/ML Pen Injector [Victoza],liraglutide 6 MG/ML [Victoza],liraglutide Pen Injector [Victoza],Victoza Injectable Product,3 ML liraglutide 6 MG/ML Pen Injector,liraglutide 6 MG/ML,liraglutide Pen Injector,liraglutide Injectable Product",>=min,TRUE,9.5-10.0
SEMAGLUTIDE + VITAMIN B,12.885526657104492,semaglutide,semaglutide,>=min,TRUE,9.5-10.0
SAXENDA SQ 18MG/3ML,15.554436208564463,3 ML liraglutide 6 MG/ML Pen Injector [Saxenda],"Saxenda,Pen Injector,Injectable Product,liraglutide,3 ML liraglutide 6 MG/ML Pen Injector [Saxenda],liraglutide 6 MG/ML [Saxenda],liraglutide Pen Injector [Saxenda],Saxenda Injectable Product,3 ML liraglutide 6 MG/ML Pen Injector,liraglutide 6 MG/ML,liraglutide Pen Injector,liraglutide Injectable Product",>=min,TRUE,9.5-10.0
VICTOZA 2,12.718400955200195,Victoza,"Victoza,Pen Injector,Injectable Product,liraglutide,3 ML liraglutide 6 MG/ML Pen Injector [Victoza],liraglutide 6 MG/ML [Victoza],liraglutide Pen Injector [Victoza],Victoza Injectable Product,3 ML liraglutide 6 MG/ML Pen Injector,liraglutide 6 MG/ML,liraglutide Pen Injector,liraglutide Injectable Product",>=min,TRUE,9.5-10.0
SAXENDA SC,14.783894538879395,Saxenda,"Saxenda,Pen Injector,Injectable Product,liraglutide,3 ML liraglutide 6 MG/ML Pen Injector [Saxenda],liraglutide 6 MG/ML [Saxenda],liraglutide Pen Injector [Saxenda],Saxenda Injectable Product,3 ML liraglutide 6 MG/ML Pen Injector,liraglutide 6 MG/ML,liraglutide Pen Injector,liraglutide Injectable Product",>=min,TRUE,9.5-10.0
WEGOVY,14.01095962524414,Wegovy,"Wegovy,Auto-Injector,Injectable Product,semaglutide,0.5 ML semaglutide 0.5 MG/ML Auto-Injector [Wegovy],0.5 ML semaglutide 1 MG/ML Auto-Injector [Wegovy],0.5 ML semaglutide 2 MG/ML Auto-Injector [Wegovy],0.75 ML semaglutide 2.27 MG/ML Auto-Injector [Wegovy],0.75 ML semaglutide 3.2 MG/ML Auto-Injector [Wegovy],semaglutide 0.5 MG/ML [Wegovy],semaglutide 1 MG/ML [Wegovy],semaglutide 2 MG/ML [Wegovy],semaglutide 2.27 MG/ML [Wegovy],semaglutide 3.2 MG/ML [Wegovy],semaglutide Auto-Injector [Wegovy],Wegovy Injectable Product,0.5 ML semaglutide 0.5 MG/ML Auto-Injector,0.5 ML semaglutide 1 MG/ML Auto-Injector,0.5 ML semaglutide 2 MG/ML Auto-Injector,0.75 ML semaglutide 2.27 MG/ML Auto-Injector,0.75 ML semaglutide 3.2 MG/ML Auto-Injector,semaglutide 0.5 MG/ML,semaglutide 1 MG/ML,semaglutide 2 MG/ML,semaglutide 2.27 MG/ML,semaglutide 3.2 MG/ML,semaglutide Auto-Injector,semaglutide Injectable Product",>=min,TRUE,9.5-10.0
EXENATIDE SQ 2MG/0.85ML,15.563345187187196,0.85 ML exenatide 2.35 MG/ML Auto-Injector,"Bydureon,Auto-Injector,Injectable Product,exenatide,0.85 ML exenatide 2.35 MG/ML Auto-Injector [Bydureon],exenatide 2.35 MG/ML [Bydureon],exenatide Auto-Injector [Bydureon],Bydureon Injectable Product,0.85 ML exenatide 2.35 MG/ML Auto-Injector,exenatide 2.35 MG/ML,exenatide Auto-Injector,exenatide Injectable Product",>=min,TRUE,9.5-10.0
"LISINOPRIL, TRULICITY, MULTIVITAMIN, JANUVIA",14.034219741821289,Trulicity,"Trulicity,Auto-Injector,Injectable Product,dulaglutide,0.5 ML dulaglutide 1.5 MG/ML Auto-Injector [Trulicity],0.5 ML dulaglutide 3 MG/ML Auto-Injector [Trulicity],0.5 ML dulaglutide 6 MG/ML Auto-Injector [Trulicity],0.5 ML dulaglutide 9 MG/ML Auto-Injector [Trulicity],dulaglutide 1.5 MG/ML [Trulicity],dulaglutide 3 MG/ML [Trulicity],dulaglutide 6 MG/ML [Trulicity],dulaglutide 9 MG/ML [Trulicity],dulaglutide Auto-Injector [Trulicity],Trulicity Injectable Product,0.5 ML dulaglutide 1.5 MG/ML Auto-Injector,0.5 ML dulaglutide 3 MG/ML Auto-Injector,0.5 ML dulaglutide 6 MG/ML Auto-Injector,0.5 ML dulaglutide 9 MG/ML Auto-Injector,dulaglutide 1.5 MG/ML,dulaglutide 3 MG/ML,dulaglutide 6 MG/ML,dulaglutide 9 MG/ML,dulaglutide Auto-Injector,dulaglutide Injectable Product",>=min,TRUE,9.5-10.0
TRULICITY (DULAGLUTIDE),17.84546816517258,dulaglutide Auto-Injector [Trulicity],"Trulicity,Auto-Injector,Injectable Product,dulaglutide,0.5 ML dulaglutide 1.5 MG/ML Auto-Injector [Trulicity],0.5 ML dulaglutide 3 MG/ML Auto-Injector [Trulicity],0.5 ML dulaglutide 6 MG/ML Auto-Injector [Trulicity],0.5 ML dulaglutide 9 MG/ML Auto-Injector [Trulicity],dulaglutide 1.5 MG/ML [Trulicity],dulaglutide 3 MG/ML [Trulicity],dulaglutide 6 MG/ML [Trulicity],dulaglutide 9 MG/ML [Trulicity],dulaglutide Auto-Injector [Trulicity],Trulicity Injectable Product,0.5 ML dulaglutide 1.5 MG/ML Auto-Injector,0.5 ML dulaglutide 3 MG/ML Auto-Injector,0.5 ML dulaglutide 6 MG/ML Auto-Injector,0.5 ML dulaglutide 9 MG/ML Auto-Injector,dulaglutide 1.5 MG/ML,dulaglutide 3 MG/ML,dulaglutide 6 MG/ML,dulaglutide 9 MG/ML,dulaglutide Auto-Injector,dulaglutide Injectable Product",>=min,TRUE,9.5-10.0
VICTOZA 18MG/3ML INJECTION,15.511190975930088,3 ML liraglutide 6 MG/ML Pen Injector [Victoza],"Victoza,Pen Injector,Injectable Product,liraglutide,3 ML liraglutide 6 MG/ML Pen Injector [Victoza],liraglutide 6 MG/ML [Victoza],liraglutide Pen Injector [Victoza],Victoza Injectable Product,3 ML liraglutide 6 MG/ML Pen Injector,liraglutide 6 MG/ML,liraglutide Pen Injector,liraglutide Injectable Product",>=min,TRUE,9.5-10.0
VICTOZA 18 MG/3 ML,15.27561696378589,3 ML liraglutide 6 MG/ML Pen Injector [Victoza],"Victoza,Pen Injector,Injectable Product,liraglutide,3 ML liraglutide 6 MG/ML Pen Injector [Victoza],liraglutide 6 MG/ML [Victoza],liraglutide Pen Injector [Victoza],Victoza Injectable Product,3 ML liraglutide 6 MG/ML Pen Injector,liraglutide 6 MG/ML,liraglutide Pen Injector,liraglutide Injectable Product",>=min,TRUE,9.5-10.0
TIRZEPATIDE,12.608393669128418,tirzepatide,tirzepatide,>=min,TRUE,9.5-10.0
VICTOZA?2?PACK,12.718400955200195,Victoza,"Victoza,Pen Injector,Injectable Product,liraglutide,3 ML liraglutide 6 MG/ML Pen Injector [Victoza],liraglutide 6 MG/ML [Victoza],liraglutide Pen Injector [Victoza],Victoza Injectable Product,3 ML liraglutide 6 MG/ML Pen Injector,liraglutide 6 MG/ML,liraglutide Pen Injector,liraglutide Injectable Product",>=min,TRUE,9.5-10.0
TRULICITY (1.5/0.5ML PEN INJECTOR),16.20221519047165,0.5 ML dulaglutide 1.5 MG/ML Auto-Injector [Trulicity],"Trulicity,Auto-Injector,Injectable Product,dulaglutide,0.5 ML dulaglutide 1.5 MG/ML Auto-Injector [Trulicity],dulaglutide 1.5 MG/ML [Trulicity],dulaglutide Auto-Injector [Trulicity],Trulicity Injectable Product,0.5 ML dulaglutide 1.5 MG/ML Auto-Injector,dulaglutide 1.5 MG/ML,dulaglutide Auto-Injector,dulaglutide Injectable Product",>=min,TRUE,9.5-10.0
SEMAGLUTIDE [OZEMPIC],17.28619815826416,semaglutide Pen Injector [Ozempic],"Ozempic,Pen Injector,Injectable Product,semaglutide,0.25 MG, 0.5 MG Dose 1.5 ML semaglutide 1.34 MG/ML Pen Injector [Ozempic],1 MG Dose 1.5 ML semaglutide 1.34 MG/ML Pen Injector [Ozempic],3 ML semaglutide 1.34 MG/ML Pen Injector [Ozempic],3 ML semaglutide 2.68 MG/ML Pen Injector [Ozempic],0.25 MG, 0.5 MG Dose 3 ML semaglutide 0.68 MG/ML Pen Injector [Ozempic],semaglutide 1.34 MG/ML [Ozempic],semaglutide 2.68 MG/ML [Ozempic],semaglutide 0.68 MG/ML [Ozempic],semaglutide Pen Injector [Ozempic],Ozempic Injectable Product,0.25 MG, 0.5 MG Dose 1.5 ML semaglutide 1.34 MG/ML Pen Injector,1 MG Dose 1.5 ML semaglutide 1.34 MG/ML Pen Injector,3 ML semaglutide 1.34 MG/ML Pen Injector,3 ML semaglutide 2.68 MG/ML Pen Injector,0.25 MG, 0.5 MG Dose 3 ML semaglutide 0.68 MG/ML Pen Injector,semaglutide 1.34 MG/ML,semaglutide 2.68 MG/ML,semaglutide 0.68 MG/ML,semaglutide Pen Injector,semaglutide Injectable Product",>=min,TRUE,9.5-10.0
INSULIN DEGLUDEC + LIRAGLUTIDE 50 IU,19.292036056518555,insulin degludec / liraglutide,"Xultophy,Pen Injector,Injectable Product,insulin degludec,liraglutide,insulin degludec / liraglutide,3 ML insulin degludec 100 UNT/ML / liraglutide 3.6 MG/ML Pen Injector [Xultophy],insulin degludec 100 UNT/ML / liraglutide 3.6 MG/ML [Xultophy],insulin degludec / liraglutide Pen Injector [Xultophy],Xultophy Injectable Product,3 ML insulin degludec 100 UNT/ML / liraglutide 3.6 MG/ML Pen Injector,insulin degludec 100 UNT/ML,liraglutide 3.6 MG/ML,insulin degludec / liraglutide Pen Injector,insulin degludec / liraglutide Injectable Product",>=min,TRUE,9.5-10.0
TRULICITY 0.75,12.034219741821289,Trulicity,"Trulicity,Auto-Injector,Injectable Product,dulaglutide,0.5 ML dulaglutide 1.5 MG/ML Auto-Injector [Trulicity],0.5 ML dulaglutide 3 MG/ML Auto-Injector [Trulicity],0.5 ML dulaglutide 6 MG/ML Auto-Injector [Trulicity],0.5 ML dulaglutide 9 MG/ML Auto-Injector [Trulicity],dulaglutide 1.5 MG/ML [Trulicity],dulaglutide 3 MG/ML [Trulicity],dulaglutide 6 MG/ML [Trulicity],dulaglutide 9 MG/ML [Trulicity],dulaglutide Auto-Injector [Trulicity],Trulicity Injectable Product,0.5 ML dulaglutide 1.5 MG/ML Auto-Injector,0.5 ML dulaglutide 3 MG/ML Auto-Injector,0.5 ML dulaglutide 6 MG/ML Auto-Injector,0.5 ML dulaglutide 9 MG/ML Auto-Injector,dulaglutide 1.5 MG/ML,dulaglutide 3 MG/ML,dulaglutide 6 MG/ML,dulaglutide 9 MG/ML,dulaglutide Auto-Injector,dulaglutide Injectable Product",>=min,TRUE,9.5-10.0
BYETTA PREFILLED PEN,19.839183807373047,exenatide Pen Injector [Byetta],"Byetta,Pen Injector,Injectable Product,exenatide,60 ACTUAT exenatide 0.01 MG/ACTUAT Pen Injector [Byetta],60 ACTUAT exenatide 0.005 MG/ACTUAT Pen Injector [Byetta],exenatide 0.01 MG/ACTUAT [Byetta],exenatide 0.005 MG/ACTUAT [Byetta],exenatide Pen Injector [Byetta],Byetta Injectable Product,60 ACTUAT exenatide 0.01 MG/ACTUAT Pen Injector,60 ACTUAT exenatide 0.005 MG/ACTUAT Pen Injector,exenatide 0.01 MG/ACTUAT,exenatide 0.005 MG/ACTUAT,exenatide Pen Injector,exenatide Injectable Product",>=min,TRUE,9.5-10.0
DULAGLUTID,13.611541748046875,dulaglutide,dulaglutide,>=min,TRUE,9.5-10.0
RYBELSUS 7MG TAB,14.41427993774414,semaglutide 7 MG Oral Tablet [Rybelsus],"Rybelsus,Oral Tablet,Oral Product,Pill,semaglutide,semaglutide 7 MG Oral Tablet [Rybelsus],semaglutide 7 MG [Rybelsus],semaglutide Oral Tablet [Rybelsus],Rybelsus Oral Product,Rybelsus Pill,semaglutide 7 MG Oral Tablet,semaglutide 7 MG,semaglutide Oral Tablet,semaglutide Oral Product,semaglutide Pill",>=min,TRUE,9.5-10.0
SEMAGLUTIDE (OZEMPIC ),17.28619815826416,semaglutide Pen Injector [Ozempic],"Ozempic,Pen Injector,Injectable Product,semaglutide,0.25 MG, 0.5 MG Dose 1.5 ML semaglutide 1.34 MG/ML Pen Injector [Ozempic],1 MG Dose 1.5 ML semaglutide 1.34 MG/ML Pen Injector [Ozempic],3 ML semaglutide 1.34 MG/ML Pen Injector [Ozempic],3 ML semaglutide 2.68 MG/ML Pen Injector [Ozempic],0.25 MG, 0.5 MG Dose 3 ML semaglutide 0.68 MG/ML Pen Injector [Ozempic],semaglutide 1.34 MG/ML [Ozempic],semaglutide 2.68 MG/ML [Ozempic],semaglutide 0.68 MG/ML [Ozempic],semaglutide Pen Injector [Ozempic],Ozempic Injectable Product,0.25 MG, 0.5 MG Dose 1.5 ML semaglutide 1.34 MG/ML Pen Injector,1 MG Dose 1.5 ML semaglutide 1.34 MG/ML Pen Injector,3 ML semaglutide 1.34 MG/ML Pen Injector,3 ML semaglutide 2.68 MG/ML Pen Injector,0.25 MG, 0.5 MG Dose 3 ML semaglutide 0.68 MG/ML Pen Injector,semaglutide 1.34 MG/ML,semaglutide 2.68 MG/ML,semaglutide 0.68 MG/ML,semaglutide Pen Injector,semaglutide Injectable Product",>=min,TRUE,9.5-10.0
DULAGLUTIDE (TRULICITY) 1.5 MG/0.5 ML PEN INJECTOR,19.989788055419922,0.5 ML dulaglutide 1.5 MG/ML Auto-Injector [Trulicity],"Trulicity,Auto-Injector,Injectable Product,dulaglutide,0.5 ML dulaglutide 1.5 MG/ML Auto-Injector [Trulicity],dulaglutide 1.5 MG/ML [Trulicity],dulaglutide Auto-Injector [Trulicity],Trulicity Injectable Product,0.5 ML dulaglutide 1.5 MG/ML Auto-Injector,dulaglutide 1.5 MG/ML,dulaglutide Auto-Injector,dulaglutide Injectable Product",>=min,TRUE,9.5-10.0
SEMAGLUTIDE 7 MG,12.959294319152832,semaglutide 7 MG,"Rybelsus,Oral Tablet,Oral Product,Pill,semaglutide,semaglutide 7 MG Oral Tablet [Rybelsus],semaglutide 7 MG [Rybelsus],semaglutide Oral Tablet [Rybelsus],Rybelsus Oral Product,Rybelsus Pill,semaglutide 7 MG Oral Tablet,semaglutide 7 MG,semaglutide Oral Tablet,semaglutide Oral Product,semaglutide Pill",>=min,TRUE,9.5-10.0
TRULICITY 0.75MG/0.5 ML,14.733188344955446,0.5 ML dulaglutide 1.5 MG/ML Auto-Injector [Trulicity],"Trulicity,Auto-Injector,Injectable Product,dulaglutide,0.5 ML dulaglutide 1.5 MG/ML Auto-Injector [Trulicity],dulaglutide 1.5 MG/ML [Trulicity],dulaglutide Auto-Injector [Trulicity],Trulicity Injectable Product,0.5 ML dulaglutide 1.5 MG/ML Auto-Injector,dulaglutide 1.5 MG/ML,dulaglutide Auto-Injector,dulaglutide Injectable Product",>=min,TRUE,9.5-10.0
TRULICITY SUBCUTANEOUS,14.034219741821289,Trulicity,"Trulicity,Auto-Injector,Injectable Product,dulaglutide,0.5 ML dulaglutide 1.5 MG/ML Auto-Injector [Trulicity],0.5 ML dulaglutide 3 MG/ML Auto-Injector [Trulicity],0.5 ML dulaglutide 6 MG/ML Auto-Injector [Trulicity],0.5 ML dulaglutide 9 MG/ML Auto-Injector [Trulicity],dulaglutide 1.5 MG/ML [Trulicity],dulaglutide 3 MG/ML [Trulicity],dulaglutide 6 MG/ML [Trulicity],dulaglutide 9 MG/ML [Trulicity],dulaglutide Auto-Injector [Trulicity],Trulicity Injectable Product,0.5 ML dulaglutide 1.5 MG/ML Auto-Injector,0.5 ML dulaglutide 3 MG/ML Auto-Injector,0.5 ML dulaglutide 6 MG/ML Auto-Injector,0.5 ML dulaglutide 9 MG/ML Auto-Injector,dulaglutide 1.5 MG/ML,dulaglutide 3 MG/ML,dulaglutide 6 MG/ML,dulaglutide 9 MG/ML,dulaglutide Auto-Injector,dulaglutide Injectable Product",>=min,TRUE,9.5-10.0
TRULICITY SQ,14.034219741821289,Trulicity,"Trulicity,Auto-Injector,Injectable Product,dulaglutide,0.5 ML dulaglutide 1.5 MG/ML Auto-Injector [Trulicity],0.5 ML dulaglutide 3 MG/ML Auto-Injector [Trulicity],0.5 ML dulaglutide 6 MG/ML Auto-Injector [Trulicity],0.5 ML dulaglutide 9 MG/ML Auto-Injector [Trulicity],dulaglutide 1.5 MG/ML [Trulicity],dulaglutide 3 MG/ML [Trulicity],dulaglutide 6 MG/ML [Trulicity],dulaglutide 9 MG/ML [Trulicity],dulaglutide Auto-Injector [Trulicity],Trulicity Injectable Product,0.5 ML dulaglutide 1.5 MG/ML Auto-Injector,0.5 ML dulaglutide 3 MG/ML Auto-Injector,0.5 ML dulaglutide 6 MG/ML Auto-Injector,0.5 ML dulaglutide 9 MG/ML Auto-Injector,dulaglutide 1.5 MG/ML,dulaglutide 3 MG/ML,dulaglutide 6 MG/ML,dulaglutide 9 MG/ML,dulaglutide Auto-Injector,dulaglutide Injectable Product",>=min,TRUE,9.5-10.0
VICTOZA 6MG/ML INJEKTIONSLOSUNG IN EINEM FERTIGPEN,14.041428565979004,liraglutide 6 MG/ML [Victoza],"Victoza,Pen Injector,Injectable Product,liraglutide,3 ML liraglutide 6 MG/ML Pen Injector [Victoza],liraglutide 6 MG/ML [Victoza],liraglutide Pen Injector [Victoza],Victoza Injectable Product,3 ML liraglutide 6 MG/ML Pen Injector,liraglutide 6 MG/ML,liraglutide Pen Injector,liraglutide Injectable Product",>=min,TRUE,9.5-10.0
"TRULICITY 0.75 MG, SOLUTION FOR INJECTION IN PRE-FILLED SYRINGE",22.51955841064453,0.5 ML Neisseria meningitidis serogroup A capsular polysaccharide diphtheria toxoid protein conjugate vaccine 0.104 MG/ML / Neisseria meningitidis serogroup C capsular polysaccharide diphtheria toxoid protein conjugate vaccine 0.104 MG/ML / Neisseria meningitidis serogroup W-135 capsular polysaccharide diphtheria toxoid protein conjugate vaccine 0.104 MG/ML / Neisseria meningitidis serogroup Y capsular polysaccharide diphtheria toxoid protein conjugate vaccine 0.104 MG/ML Prefilled Syringe [Menactra],"Menactra,Prefilled Syringe,Injectable Product,Neisseria meningitidis serogroup A capsular polysaccharide diphtheria toxoid protein conjugate vaccine,Neisseria meningitidis serogroup C capsular polysaccharide diphtheria toxoid protein conjugate vaccine,Neisseria meningitidis serogroup W-135 capsular polysaccharide diphtheria toxoid protein conjugate vaccine,Neisseria meningitidis serogroup Y capsular polysaccharide diphtheria toxoid protein conjugate vaccine,Neisseria meningitidis serogroup A capsular polysaccharide diphtheria toxoid protein conjugate vaccine / Neisseria meningitidis serogroup C capsular polysaccharide diphtheria toxoid protein conjugate vaccine / Neisseria meningitidis serogroup W-135 capsular polysaccharide diphtheria toxoid protein conjugate vaccine / Neisseria meningitidis serogroup Y capsular polysaccharide diphtheria toxoid protein conjugate vaccine,0.5 ML Neisseria meningitidis serogroup A capsular polysaccharide diphtheria toxoid protein conjugate vaccine 0.104 MG/ML / Neisseria meningitidis serogroup C capsular polysaccharide diphtheria toxoid protein conjugate vaccine 0.104 MG/ML / Neisseria meningitidis serogroup W-135 capsular polysaccharide diphtheria toxoid protein conjugate vaccine 0.104 MG/ML / Neisseria meningitidis serogroup Y capsular polysaccharide diphtheria toxoid protein conjugate vaccine 0.104 MG/ML Prefilled Syringe [Menactra],Neisseria meningitidis serogroup A capsular polysaccharide diphtheria toxoid protein conjugate vaccine 0.104 MG/ML / Neisseria meningitidis serogroup C capsular polysaccharide diphtheria toxoid protein conjugate vaccine 0.104 MG/ML / Neisseria meningitidis serogroup W-135 capsular polysaccharide diphtheria toxoid protein conjugate vaccine 0.104 MG/ML / Neisseria meningitidis serogroup Y capsular polysaccharide diphtheria toxoid protein conjugate vaccine 0.104 MG/ML [Menactra],Neisseria meningitidis serogroup A capsular polysaccharide diphtheria toxoid protein conjugate vaccine / Neisseria meningitidis serogroup C capsular polysaccharide diphtheria toxoid protein conjugate vaccine / Neisseria meningitidis serogroup W-135 capsular polysaccharide diphtheria toxoid protein conjugate vaccine / Neisseria meningitidis serogroup Y capsular polysaccharide diphtheria toxoid protein conjugate vaccine Prefilled Syringe [Menactra],Menactra Injectable Product,0.5 ML Neisseria meningitidis serogroup A capsular polysaccharide diphtheria toxoid protein conjugate vaccine 0.104 MG/ML / Neisseria meningitidis serogroup C capsular polysaccharide diphtheria toxoid protein conjugate vaccine 0.104 MG/ML / Neisseria meningitidis serogroup W-135 capsular polysaccharide diphtheria toxoid protein conjugate vaccine 0.104 MG/ML / Neisseria meningitidis serogroup Y capsular polysaccharide diphtheria toxoid protein conjugate vaccine 0.104 MG/ML Prefilled Syringe,Neisseria meningitidis serogroup A capsular polysaccharide diphtheria toxoid protein conjugate vaccine 0.104 MG/ML,Neisseria meningitidis serogroup C capsular polysaccharide diphtheria toxoid protein conjugate vaccine 0.104 MG/ML,Neisseria meningitidis serogroup W-135 capsular polysaccharide diphtheria toxoid protein conjugate vaccine 0.104 MG/ML,Neisseria meningitidis serogroup Y capsular polysaccharide diphtheria toxoid protein conjugate vaccine 0.104 MG/ML,Neisseria meningitidis serogroup A capsular polysaccharide diphtheria toxoid protein conjugate vaccine / Neisseria meningitidis serogroup C capsular polysaccharide diphtheria toxoid protein conjugate vaccine / Neisseria meningitidis serogroup W-135 capsular polysaccharide diphtheria toxoid protein conjugate vaccine / Neisseria meningitidis serogroup Y capsular polysaccharide diphtheria toxoid protein conjugate vaccine Prefilled Syringe,Neisseria meningitidis serogroup A capsular polysaccharide diphtheria toxoid protein conjugate vaccine / Neisseria meningitidis serogroup C capsular polysaccharide diphtheria toxoid protein conjugate vaccine / Neisseria meningitidis serogroup W-135 capsular polysaccharide diphtheria toxoid protein conjugate vaccine / Neisseria meningitidis serogroup Y capsular polysaccharide diphtheria toxoid protein conjugate vaccine Injectable Product",>=min,TRUE,9.5-10.0
DULAGLUTIDE 0.75MG,12.40188598371174,0.5 ML dulaglutide 1.5 MG/ML Auto-Injector,"Trulicity,Auto-Injector,Injectable Product,dulaglutide,0.5 ML dulaglutide 1.5 MG/ML Auto-Injector [Trulicity],dulaglutide 1.5 MG/ML [Trulicity],dulaglutide Auto-Injector [Trulicity],Trulicity Injectable Product,0.5 ML dulaglutide 1.5 MG/ML Auto-Injector,dulaglutide 1.5 MG/ML,dulaglutide Auto-Injector,dulaglutide Injectable Product",>=min,TRUE,9.5-10.0
MOUNJARO 7.5 MG/0.5ML,14.662885009416582,0.5 ML tirzepatide 15 MG/ML Auto-Injector [Mounjaro],"Mounjaro,Auto-Injector,Injectable Product,tirzepatide,0.5 ML tirzepatide 15 MG/ML Auto-Injector [Mounjaro],tirzepatide 15 MG/ML [Mounjaro],tirzepatide Auto-Injector [Mounjaro],Mounjaro Injectable Product,0.5 ML tirzepatide 15 MG/ML Auto-Injector,tirzepatide 15 MG/ML,tirzepatide Auto-Injector,tirzepatide Injectable Product",>=min,TRUE,9.5-10.0
RYBELSUS,14.149604797363281,Rybelsus,"Rybelsus,Oral Tablet,Oral Product,Pill,semaglutide,semaglutide 14 MG Oral Tablet [Rybelsus],semaglutide 3 MG Oral Tablet [Rybelsus],semaglutide 7 MG Oral Tablet [Rybelsus],semaglutide 1.5 MG Oral Tablet [Rybelsus],semaglutide 4 MG Oral Tablet [Rybelsus],semaglutide 9 MG Oral Tablet [Rybelsus],semaglutide 14 MG [Rybelsus],semaglutide 3 MG [Rybelsus],semaglutide 7 MG [Rybelsus],semaglutide 1.5 MG [Rybelsus],semaglutide 4 MG [Rybelsus],semaglutide 9 MG [Rybelsus],semaglutide Oral Tablet [Rybelsus],Rybelsus Oral Product,Rybelsus Pill,semaglutide 14 MG Oral Tablet,semaglutide 3 MG Oral Tablet,semaglutide 7 MG Oral Tablet,semaglutide 1.5 MG Oral Tablet,semaglutide 4 MG Oral Tablet,semaglutide 9 MG Oral Tablet,semaglutide 14 MG,semaglutide 3 MG,semaglutide 7 MG,semaglutide 1.5 MG,semaglutide 4 MG,semaglutide 9 MG,semaglutide Oral Tablet,semaglutide Oral Product,semaglutide Pill",>=min,TRUE,9.5-10.0
WEGOVY 1MG/0.5ML,12.866382101855898,0.5 ML semaglutide 2 MG/ML Auto-Injector [Wegovy],"Wegovy,Auto-Injector,Injectable Product,semaglutide,0.5 ML semaglutide 2 MG/ML Auto-Injector [Wegovy],semaglutide 2 MG/ML [Wegovy],semaglutide Auto-Injector [Wegovy],Wegovy Injectable Product,0.5 ML semaglutide 2 MG/ML Auto-Injector,semaglutide 2 MG/ML,semaglutide Auto-Injector,semaglutide Injectable Product",>=min,TRUE,9.5-10.0
TRULICITY SUBCUTANEOUS SOLUTION PEN-INJECTOR 0.75 MG/0.5 ML,20.034189224243164,0.5 ML dulaglutide 1.5 MG/ML Auto-Injector [Trulicity],"Trulicity,Auto-Injector,Injectable Product,dulaglutide,0.5 ML dulaglutide 1.5 MG/ML Auto-Injector [Trulicity],dulaglutide 1.5 MG/ML [Trulicity],dulaglutide Auto-Injector [Trulicity],Trulicity Injectable Product,0.5 ML dulaglutide 1.5 MG/ML Auto-Injector,dulaglutide 1.5 MG/ML,dulaglutide Auto-Injector,dulaglutide Injectable Product",>=min,TRUE,9.5-10.0
LIRAGLUTIDA,9.623665809631348,liraglutide,liraglutide,>=min,TRUE,9.5-10.0
VICTOZA 1.8 MG SQ DAILY,12.718400955200195,Victoza,"Victoza,Pen Injector,Injectable Product,liraglutide,3 ML liraglutide 6 MG/ML Pen Injector [Victoza],liraglutide 6 MG/ML [Victoza],liraglutide Pen Injector [Victoza],Victoza Injectable Product,3 ML liraglutide 6 MG/ML Pen Injector,liraglutide 6 MG/ML,liraglutide Pen Injector,liraglutide Injectable Product",>=min,TRUE,9.5-10.0
TRULICITY 4.5MG/0.5ML INJECT 4.5MG SUBQ QWEEKLY,17.821542739868164,0.5 ML dulaglutide 9 MG/ML Auto-Injector [Trulicity],"Trulicity,Auto-Injector,Injectable Product,dulaglutide,0.5 ML dulaglutide 9 MG/ML Auto-Injector [Trulicity],dulaglutide 9 MG/ML [Trulicity],dulaglutide Auto-Injector [Trulicity],Trulicity Injectable Product,0.5 ML dulaglutide 9 MG/ML Auto-Injector,dulaglutide 9 MG/ML,dulaglutide Auto-Injector,dulaglutide Injectable Product",>=min,TRUE,9.5-10.0
"VICTOZA 6 MG/ML INJEKTIONSVATSKA, LOSNING I FORFYLLD INJEKTIONSPENNA",13.951472282409668,liraglutide 6 MG/ML [Victoza],"Victoza,Pen Injector,Injectable Product,liraglutide,3 ML liraglutide 6 MG/ML Pen Injector [Victoza],liraglutide 6 MG/ML [Victoza],liraglutide Pen Injector [Victoza],Victoza Injectable Product,3 ML liraglutide 6 MG/ML Pen Injector,liraglutide 6 MG/ML,liraglutide Pen Injector,liraglutide Injectable Product",>=min,TRUE,9.5-10.0
VICTOZA SUBCUTANEOUS SOLUTION,14.718400955200195,Victoza,"Victoza,Pen Injector,Injectable Product,liraglutide,3 ML liraglutide 6 MG/ML Pen Injector [Victoza],liraglutide 6 MG/ML [Victoza],liraglutide Pen Injector [Victoza],Victoza Injectable Product,3 ML liraglutide 6 MG/ML Pen Injector,liraglutide 6 MG/ML,liraglutide Pen Injector,liraglutide Injectable Product",>=min,TRUE,9.5-10.0
DULAGLUTIDE 0.75 MG,12.405456708212377,0.5 ML dulaglutide 1.5 MG/ML Auto-Injector,"Trulicity,Auto-Injector,Injectable Product,dulaglutide,0.5 ML dulaglutide 1.5 MG/ML Auto-Injector [Trulicity],dulaglutide 1.5 MG/ML [Trulicity],dulaglutide Auto-Injector [Trulicity],Trulicity Injectable Product,0.5 ML dulaglutide 1.5 MG/ML Auto-Injector,dulaglutide 1.5 MG/ML,dulaglutide Auto-Injector,dulaglutide Injectable Product",>=min,TRUE,9.5-10.0
"DULAGLUTIDE (DULAGLUTIDE 0.75MG/0.5ML INJ, SOLN, PEN)",22.810245513916016,0.5 ML dulaglutide 1.5 MG/ML Auto-Injector,"Trulicity,Auto-Injector,Injectable Product,dulaglutide,0.5 ML dulaglutide 1.5 MG/ML Auto-Injector [Trulicity],dulaglutide 1.5 MG/ML [Trulicity],dulaglutide Auto-Injector [Trulicity],Trulicity Injectable Product,0.5 ML dulaglutide 1.5 MG/ML Auto-Injector,dulaglutide 1.5 MG/ML,dulaglutide Auto-Injector,dulaglutide Injectable Product",>=min,TRUE,9.5-10.0
VICTOZA INJ 18 MG / 3 ML,15.28325859308243,3 ML liraglutide 6 MG/ML Pen Injector [Victoza],"Victoza,Pen Injector,Injectable Product,liraglutide,3 ML liraglutide 6 MG/ML Pen Injector [Victoza],liraglutide 6 MG/ML [Victoza],liraglutide Pen Injector [Victoza],Victoza Injectable Product,3 ML liraglutide 6 MG/ML Pen Injector,liraglutide 6 MG/ML,liraglutide Pen Injector,liraglutide Injectable Product",>=min,TRUE,9.5-10.0
VICTOZA 18MG PEN,15.277128012920237,3 ML liraglutide 6 MG/ML Pen Injector [Victoza],"Victoza,Pen Injector,Injectable Product,liraglutide,3 ML liraglutide 6 MG/ML Pen Injector [Victoza],liraglutide 6 MG/ML [Victoza],liraglutide Pen Injector [Victoza],Victoza Injectable Product,3 ML liraglutide 6 MG/ML Pen Injector,liraglutide 6 MG/ML,liraglutide Pen Injector,liraglutide Injectable Product",>=min,TRUE,9.5-10.0
VICTOZA 18MG/ML,13.87530895,3 ML liraglutide 6 MG/ML Pen Injector [Victoza],"Victoza,Pen Injector,Injectable Product,liraglutide,3 ML liraglutide 6 MG/ML Pen Injector [Victoza],liraglutide 6 MG/ML [Victoza],liraglutide Pen Injector [Victoza],Victoza Injectable Product,3 ML liraglutide 6 MG/ML Pen Injector,liraglutide 6 MG/ML,liraglutide Pen Injector,liraglutide Injectable Product",>=min,TRUE,9.5-10.0
DULAGLUTIDE (GENETICAL RECOMBINATION),14.229585266113281,burosumab,burosumab,>=min,TRUE,9.5-10.0
TIRZEPATIDE (MOUNJARO) 2.5MG PEN,15.583406448364258,tirzepatide 5 MG/ML [Mounjaro],"Mounjaro,Auto-Injector,Injection,Injectable Product,tirzepatide,0.5 ML tirzepatide 5 MG/ML Auto-Injector [Mounjaro],0.5 ML tirzepatide 5 MG/ML Injection [Mounjaro],tirzepatide 5 MG/ML [Mounjaro],tirzepatide Auto-Injector [Mounjaro],tirzepatide Injection [Mounjaro],Mounjaro Injectable Product,0.5 ML tirzepatide 5 MG/ML Auto-Injector,0.5 ML tirzepatide 5 MG/ML Injection,tirzepatide 5 MG/ML,tirzepatide Auto-Injector,tirzepatide Injection,tirzepatide Injectable Product",>=min,TRUE,9.5-10.0
TRULICITY 1.5 MG/0.5 ML,14.073352813720703,dulaglutide 1.5 MG/ML [Trulicity],"Trulicity,Auto-Injector,Injectable Product,dulaglutide,0.5 ML dulaglutide 1.5 MG/ML Auto-Injector [Trulicity],dulaglutide 1.5 MG/ML [Trulicity],dulaglutide Auto-Injector [Trulicity],Trulicity Injectable Product,0.5 ML dulaglutide 1.5 MG/ML Auto-Injector,dulaglutide 1.5 MG/ML,dulaglutide Auto-Injector,dulaglutide Injectable Product",>=min,TRUE,9.5-10.0
WEGOVY SOA,14.01095962524414,Wegovy,"Wegovy,Auto-Injector,Injectable Product,semaglutide,0.5 ML semaglutide 0.5 MG/ML Auto-Injector [Wegovy],0.5 ML semaglutide 1 MG/ML Auto-Injector [Wegovy],0.5 ML semaglutide 2 MG/ML Auto-Injector [Wegovy],0.75 ML semaglutide 2.27 MG/ML Auto-Injector [Wegovy],0.75 ML semaglutide 3.2 MG/ML Auto-Injector [Wegovy],semaglutide 0.5 MG/ML [Wegovy],semaglutide 1 MG/ML [Wegovy],semaglutide 2 MG/ML [Wegovy],semaglutide 2.27 MG/ML [Wegovy],semaglutide 3.2 MG/ML [Wegovy],semaglutide Auto-Injector [Wegovy],Wegovy Injectable Product,0.5 ML semaglutide 0.5 MG/ML Auto-Injector,0.5 ML semaglutide 1 MG/ML Auto-Injector,0.5 ML semaglutide 2 MG/ML Auto-Injector,0.75 ML semaglutide 2.27 MG/ML Auto-Injector,0.75 ML semaglutide 3.2 MG/ML Auto-Injector,semaglutide 0.5 MG/ML,semaglutide 1 MG/ML,semaglutide 2 MG/ML,semaglutide 2.27 MG/ML,semaglutide 3.2 MG/ML,semaglutide Auto-Injector,semaglutide Injectable Product",>=min,TRUE,9.5-10.0
DULAGLUTIDE 4.5MG WEEKLY,11.832303780766525,0.5 ML dulaglutide 9 MG/ML Auto-Injector,"Trulicity,Auto-Injector,Injectable Product,dulaglutide,0.5 ML dulaglutide 9 MG/ML Auto-Injector [Trulicity],dulaglutide 9 MG/ML [Trulicity],dulaglutide Auto-Injector [Trulicity],Trulicity Injectable Product,0.5 ML dulaglutide 9 MG/ML Auto-Injector,dulaglutide 9 MG/ML,dulaglutide Auto-Injector,dulaglutide Injectable Product",>=min,TRUE,9.5-10.0
DULAGLUTIDE 1.5 MG,12.447977457046509,dulaglutide 1.5 MG/ML,"Trulicity,Auto-Injector,Injectable Product,dulaglutide,0.5 ML dulaglutide 1.5 MG/ML Auto-Injector [Trulicity],dulaglutide 1.5 MG/ML [Trulicity],dulaglutide Auto-Injector [Trulicity],Trulicity Injectable Product,0.5 ML dulaglutide 1.5 MG/ML Auto-Injector,dulaglutide 1.5 MG/ML,dulaglutide Auto-Injector,dulaglutide Injectable Product",>=min,TRUE,9.5-10.0
SEMAGLUTIDE(GENETICAL RECOMBINATION),14.229585266113281,burosumab,burosumab,>=min,TRUE,9.5-10.0
TRULICITY INSULIN,14.034219741821289,Trulicity,"Trulicity,Auto-Injector,Injectable Product,dulaglutide,0.5 ML dulaglutide 1.5 MG/ML Auto-Injector [Trulicity],0.5 ML dulaglutide 3 MG/ML Auto-Injector [Trulicity],0.5 ML dulaglutide 6 MG/ML Auto-Injector [Trulicity],0.5 ML dulaglutide 9 MG/ML Auto-Injector [Trulicity],dulaglutide 1.5 MG/ML [Trulicity],dulaglutide 3 MG/ML [Trulicity],dulaglutide 6 MG/ML [Trulicity],dulaglutide 9 MG/ML [Trulicity],dulaglutide Auto-Injector [Trulicity],Trulicity Injectable Product,0.5 ML dulaglutide 1.5 MG/ML Auto-Injector,0.5 ML dulaglutide 3 MG/ML Auto-Injector,0.5 ML dulaglutide 6 MG/ML Auto-Injector,0.5 ML dulaglutide 9 MG/ML Auto-Injector,dulaglutide 1.5 MG/ML,dulaglutide 3 MG/ML,dulaglutide 6 MG/ML,dulaglutide 9 MG/ML,dulaglutide Auto-Injector,dulaglutide Injectable Product",>=min,TRUE,9.5-10.0
"TRULICITY 0,75 MG, SOLUTION INJECTABLE EN STYLO PR?REMPLI",12.498417854309082,Trulicity Injectable Product,"Trulicity,Auto-Injector,Injectable Product,dulaglutide,0.5 ML dulaglutide 1.5 MG/ML Auto-Injector [Trulicity],0.5 ML dulaglutide 3 MG/ML Auto-Injector [Trulicity],0.5 ML dulaglutide 6 MG/ML Auto-Injector [Trulicity],0.5 ML dulaglutide 9 MG/ML Auto-Injector [Trulicity],dulaglutide 1.5 MG/ML [Trulicity],dulaglutide 3 MG/ML [Trulicity],dulaglutide 6 MG/ML [Trulicity],dulaglutide 9 MG/ML [Trulicity],dulaglutide Auto-Injector [Trulicity],Trulicity Injectable Product,0.5 ML dulaglutide 1.5 MG/ML Auto-Injector,0.5 ML dulaglutide 3 MG/ML Auto-Injector,0.5 ML dulaglutide 6 MG/ML Auto-Injector,0.5 ML dulaglutide 9 MG/ML Auto-Injector,dulaglutide 1.5 MG/ML,dulaglutide 3 MG/ML,dulaglutide 6 MG/ML,dulaglutide 9 MG/ML,dulaglutide Auto-Injector,dulaglutide Injectable Product",>=min,TRUE,9.5-10.0
BLINDED SEMAGLUTIDE B 1.34 MG/ML PDS290,15.198277473449707,semaglutide 1.34 MG/ML,"Ozempic,Pen Injector,Injectable Product,semaglutide,0.25 MG, 0.5 MG Dose 1.5 ML semaglutide 1.34 MG/ML Pen Injector [Ozempic],1 MG Dose 1.5 ML semaglutide 1.34 MG/ML Pen Injector [Ozempic],3 ML semaglutide 1.34 MG/ML Pen Injector [Ozempic],semaglutide 1.34 MG/ML [Ozempic],semaglutide Pen Injector [Ozempic],Ozempic Injectable Product,0.25 MG, 0.5 MG Dose 1.5 ML semaglutide 1.34 MG/ML Pen Injector,1 MG Dose 1.5 ML semaglutide 1.34 MG/ML Pen Injector,3 ML semaglutide 1.34 MG/ML Pen Injector,semaglutide 1.34 MG/ML,semaglutide Pen Injector,semaglutide Injectable Product",>=min,TRUE,9.5-10.0
RYBELSUS 3 MG TABLET,13.895469665527344,semaglutide 3 MG Oral Tablet [Rybelsus],"Rybelsus,Oral Tablet,Oral Product,Pill,semaglutide,semaglutide 3 MG Oral Tablet [Rybelsus],semaglutide 3 MG [Rybelsus],semaglutide Oral Tablet [Rybelsus],Rybelsus Oral Product,Rybelsus Pill,semaglutide 3 MG Oral Tablet,semaglutide 3 MG,semaglutide Oral Tablet,semaglutide Oral Product,semaglutide Pill",>=min,TRUE,9.5-10.0
"OZEMPIC 0,25 MG",12.046144485473633,Ozempic,"Ozempic,Pen Injector,Injectable Product,semaglutide,0.25 MG, 0.5 MG Dose 1.5 ML semaglutide 1.34 MG/ML Pen Injector [Ozempic],1 MG Dose 1.5 ML semaglutide 1.34 MG/ML Pen Injector [Ozempic],3 ML semaglutide 1.34 MG/ML Pen Injector [Ozempic],3 ML semaglutide 2.68 MG/ML Pen Injector [Ozempic],0.25 MG, 0.5 MG Dose 3 ML semaglutide 0.68 MG/ML Pen Injector [Ozempic],semaglutide 1.34 MG/ML [Ozempic],semaglutide 2.68 MG/ML [Ozempic],semaglutide 0.68 MG/ML [Ozempic],semaglutide Pen Injector [Ozempic],Ozempic Injectable Product,0.25 MG, 0.5 MG Dose 1.5 ML semaglutide 1.34 MG/ML Pen Injector,1 MG Dose 1.5 ML semaglutide 1.34 MG/ML Pen Injector,3 ML semaglutide 1.34 MG/ML Pen Injector,3 ML semaglutide 2.68 MG/ML Pen Injector,0.25 MG, 0.5 MG Dose 3 ML semaglutide 0.68 MG/ML Pen Injector,semaglutide 1.34 MG/ML,semaglutide 2.68 MG/ML,semaglutide 0.68 MG/ML,semaglutide Pen Injector,semaglutide Injectable Product",>=min,TRUE,9.5-10.0
METFORMIN + MOUNJARO,13.476278305053711,Mounjaro,"Mounjaro,Auto-Injector,Injection,Injectable Product,tirzepatide,0.5 ML tirzepatide 10 MG/ML Auto-Injector [Mounjaro],0.5 ML tirzepatide 30 MG/ML Auto-Injector [Mounjaro],0.5 ML tirzepatide 5 MG/ML Auto-Injector [Mounjaro],0.5 ML tirzepatide 20 MG/ML Auto-Injector [Mounjaro],0.5 ML tirzepatide 25 MG/ML Auto-Injector [Mounjaro],0.5 ML tirzepatide 15 MG/ML Auto-Injector [Mounjaro],0.5 ML tirzepatide 15 MG/ML Injection [Mounjaro],0.5 ML tirzepatide 10 MG/ML Injection [Mounjaro],0.5 ML tirzepatide 5 MG/ML Injection [Mounjaro],0.5 ML tirzepatide 30 MG/ML Injection [Mounjaro],0.5 ML tirzepatide 25 MG/ML Injection [Mounjaro],0.5 ML tirzepatide 20 MG/ML Injection [Mounjaro],tirzepatide 10 MG/ML [Mounjaro],tirzepatide 30 MG/ML [Mounjaro],tirzepatide 5 MG/ML [Mounjaro],tirzepatide 20 MG/ML [Mounjaro],tirzepatide 25 MG/ML [Mounjaro],tirzepatide 15 MG/ML [Mounjaro],tirzepatide Auto-Injector [Mounjaro],tirzepatide Injection [Mounjaro],Mounjaro Injectable Product,0.5 ML tirzepatide 10 MG/ML Auto-Injector,0.5 ML tirzepatide 30 MG/ML Auto-Injector,0.5 ML tirzepatide 5 MG/ML Auto-Injector,0.5 ML tirzepatide 20 MG/ML Auto-Injector,0.5 ML tirzepatide 25 MG/ML Auto-Injector,0.5 ML tirzepatide 15 MG/ML Auto-Injector,0.5 ML tirzepatide 15 MG/ML Injection,0.5 ML tirzepatide 10 MG/ML Injection,0.5 ML tirzepatide 5 MG/ML Injection,0.5 ML tirzepatide 30 MG/ML Injection,0.5 ML tirzepatide 25 MG/ML Injection,0.5 ML tirzepatide 20 MG/ML Injection,tirzepatide 10 MG/ML,tirzepatide 30 MG/ML,tirzepatide 5 MG/ML,tirzepatide 20 MG/ML,tirzepatide 25 MG/ML,tirzepatide 15 MG/ML,tirzepatide Auto-Injector,tirzepatide Injection,tirzepatide Injectable Product",>=min,TRUE,9.5-10.0
OZEMPIC ONCE A WEEK,14.046144485473633,Ozempic,"Ozempic,Pen Injector,Injectable Product,semaglutide,0.25 MG, 0.5 MG Dose 1.5 ML semaglutide 1.34 MG/ML Pen Injector [Ozempic],1 MG Dose 1.5 ML semaglutide 1.34 MG/ML Pen Injector [Ozempic],3 ML semaglutide 1.34 MG/ML Pen Injector [Ozempic],3 ML semaglutide 2.68 MG/ML Pen Injector [Ozempic],0.25 MG, 0.5 MG Dose 3 ML semaglutide 0.68 MG/ML Pen Injector [Ozempic],semaglutide 1.34 MG/ML [Ozempic],semaglutide 2.68 MG/ML [Ozempic],semaglutide 0.68 MG/ML [Ozempic],semaglutide Pen Injector [Ozempic],Ozempic Injectable Product,0.25 MG, 0.5 MG Dose 1.5 ML semaglutide 1.34 MG/ML Pen Injector,1 MG Dose 1.5 ML semaglutide 1.34 MG/ML Pen Injector,3 ML semaglutide 1.34 MG/ML Pen Injector,3 ML semaglutide 2.68 MG/ML Pen Injector,0.25 MG, 0.5 MG Dose 3 ML semaglutide 0.68 MG/ML Pen Injector,semaglutide 1.34 MG/ML,semaglutide 2.68 MG/ML,semaglutide 0.68 MG/ML,semaglutide Pen Injector,semaglutide Injectable Product",>=min,TRUE,9.5-10.0
BYETTA 10 MICROGRAM,13.906367693901062,60 ACTUAT exenatide 0.01 MG/ACTUAT Pen Injector [Byetta],"Byetta,Pen Injector,Injectable Product,exenatide,60 ACTUAT exenatide 0.01 MG/ACTUAT Pen Injector [Byetta],exenatide 0.01 MG/ACTUAT [Byetta],exenatide Pen Injector [Byetta],Byetta Injectable Product,60 ACTUAT exenatide 0.01 MG/ACTUAT Pen Injector,exenatide 0.01 MG/ACTUAT,exenatide Pen Injector,exenatide Injectable Product",>=min,TRUE,9.5-10.0
EXENATIDE ER,13.48706055,exenatide,exenatide,>=min,TRUE,9.5-10.0